Date,Description,Project Plan,Amount
2026-08-31,Carpentary Work: Depreciation,Sharq,-18.700
2026-08-31,Curtains: Depreciation,Sharq,-13.750
2026-07-31,Carpentary Work: Depreciation,Sharq,-18.700
2026-07-31,Curtains: Depreciation,Sharq,-13.750
2026-07-05,Payment to Bin Nisf for purchase laundry cart,Sharq,52.000
2026-07-05,Payment to Bin Nisf for purchase laundry cart,Mangaf,52.000
2026-06-30,2 uniform for reception,Sharq,-14.000
2026-06-30,2 uniform for reception,Mangaf,-14.000
2026-06-30,Payment for vehicle transporting goods with workers from the Sabah Al-Nasser warehouse to the Al-Manqaf warehouse on 21-06-2026,Sharq,-25.000
2026-06-30,Payment for vehicle transporting goods with workers from the Sabah Al-Nasser warehouse to the Al-Manqaf warehouse on 21-06-2026,Mangaf,-25.000
2026-06-30,Payment to Jodel E No:46 for the Food Allowance,Sharq,-10.000
2026-06-30,Payment to Jodel E No:46 for the Food Allowance,Mangaf,-10.000
2026-06-30,Telephone charges for Ush Sharq &Mangaf and call center for May-26,Sharq,-23.000
2026-06-30,Telephone charges for Ush Sharq &Mangaf and call center for May-26,Mangaf,-23.000
2026-06-30,Payment to Thurayia Star for Purchase green Apple and Mint against inv no:1944/1894 on 14-06-26,Sharq,-16.750
2026-06-30,Payment to Thurayia Star for Purchase green Apple and Mint against inv no:1944/1894 on 14-06-26,Mangaf,-16.750
2026-06-30,"Payment to Food Choice for Purchase Glassco Lemon-700ML ,Monin strawberry and Grenadine 1L against inv no:26214465 on 23-06-26",Sharq,-84.000
2026-06-30,"Payment to Food Choice for Purchase Glassco Lemon-700ML ,Monin strawberry and Grenadine 1L against inv no:26214465 on 23-06-26",Mangaf,-84.000
2026-06-30,Payment to White Store for Purchase Shampoo&Conditioner and Hair&face mask against inv no:500-003-I5300154888 on 04-05-26,Sharq,-315.165
2026-06-30,Payment to White Store for Purchase Shampoo&Conditioner and Hair&face mask against inv no:500-003-I5300154888 on 04-05-26,Mangaf,-315.165
2026-06-30,Payment to The Print Shop Co. for Purchase water with name tag against inv no:262 on 13-06-26,Sharq,-65.000
2026-06-30,Payment to The Print Shop Co. for Purchase water with name tag against inv no:262 on 13-06-26,Mangaf,-65.000
2026-06-30,Payment for the Replacing two sink hoses in ush mangaf,Mangaf,-10.000
2026-06-30,Payment to Iron Bed for purchase  a bunk bed with two mattresses and two wardrobes for female staff accommodation Ush-Manqaf against inv no:1699 on 18-06-26,Mangaf,-110.000
2026-06-30,Payment to Insi Jam for purchase electrical item against Invc no: 02265 on 15-06-2026,Sharq,-4.320
2026-06-30,Payment to Insi Jam for purchase electrical item against Invc no: 02265 on 15-06-2026,Mangaf,-4.320
2026-06-30,Payment to the technician for install and turn on the steam and exchange a part for the Moroccan bath machine ush sharq,Sharq,-40.000
2026-06-30,Payment  to Khaled (IT) for application messages,Sharq,-7.475
2026-06-30,Payment  to Khaled (IT) for application messages,Mangaf,-7.475
2026-06-30,Payment for the router service from a freelancer worker it has no invoice,Sharq,-6.500
2026-06-30,Payment for the router service from a freelancer worker it has no invoice,Mangaf,-6.500
2026-06-30,Payment to Bin Nisf for purchase laundry cart,Sharq,-69.000
2026-06-30,Payment to Bin Nisf for purchase laundry cart,Mangaf,-69.000
2026-06-30,Carpentary Work: Depreciation,Sharq,-12.467
2026-06-30,Curtains: Depreciation,Sharq,-9.167
2026-06-30,POS Rental,Mangaf,-20.000
2026-06-30,Link Fees,Sharq,-63.000
2026-06-30,Link Fees,Mangaf,-63.000
2026-06-30,Cheque book Fees,Sharq,-12.500
2026-06-30,Cheque book Fees,Mangaf,-12.500
2026-06-30,add the sale of beauty tools and products in Osh Spa license,Sharq,-10.000
2026-06-30,add the sale of beauty tools and products in Osh Spa license,Mangaf,-10.000
2026-06-30,Payment to Arwa for refund of  Invoice testing amount deposited Myfatoorah,Sharq,-20.000
2026-06-30,Payment to Arwa for refund of  Invoice testing amount deposited Myfatoorah,Mangaf,-20.000
2026-06-30,Amount refund to customer due to Sauna was not work against inv no:IN109469 on 25-06-2026,Sharq,-14.500
2026-06-30,Amount refund to customer due to Sauna was not work against inv no:IN109469 on 25-06-2026,Mangaf,-14.500
2026-06-30,Marketing Sponsor,Sharq,-382.500
2026-06-30,Marketing Sponsor,Mangaf,-382.500
2026-06-30,Marketing Sponsor,Sharq,-318.500
2026-06-30,Marketing Sponsor,Mangaf,-318.500
2026-06-30,Marketing Sponsor,Sharq,-445.000
2026-06-30,Marketing Sponsor,Mangaf,-445.000
2026-06-30,Marketing Sponsor,Sharq,-120.000
2026-06-30,Marketing Sponsor,Mangaf,-120.000
2026-06-30,Marketing Sponsor,Sharq,-318.500
2026-06-30,Marketing Sponsor,Mangaf,-318.500
2026-06-30,Donation for imam of mosque Sabah Naser,Sharq,-71.000
2026-06-30,Donation for imam of mosque Sabah Naser,Mangaf,-71.000
2026-06-30,Marketing Sponsor,Sharq,-125.000
2026-06-30,Marketing Sponsor,Mangaf,-125.000
2026-06-30,Rental Expnses,Sharq,-350.000
2026-06-30,Rental Expenses,Mangaf,-400.000
2026-06-30,Rental Expense,Mangaf,"-2,750.000"
2026-06-30,Rental Expenses,Sharq,"-1,800.000"