Number,Partner,Invoice/Bill Date,Due Date,Last Reminder,Reference,Untaxed Amount Signed Currency,Total in Currency Signed,Amount Due Signed,Status In Payment
RBILL/2026/07/0001,BIN NISF GENERAL TRADING & CONT. CO.,2026-07-05,2026-07-05,,"Reversal of: BILL/2026/06/0029, Trolly Returned",104.000,104.000,0.000,Paid
BILL/2026/09/0009,Partners JV,2026-09-07,2026-09-07,,Sara,-175.500,-175.500,0.000,Paid
BILL/2026/09/0008,Partners JV,2026-09-07,2026-09-07,,Sara,-280.000,-280.000,0.000,Paid
BILL/2026/09/0007,Partners JV,2026-09-07,2026-09-07,,Sara,-293.740,-293.740,0.000,Paid
BILL/2026/09/0006,Partners JV,2026-09-06,2026-09-06,,Sara,-673.000,-673.000,0.000,Paid
BILL/2026/09/0005,Partners JV,2026-09-06,2026-09-06,,Sara,-510.000,-510.000,0.000,Paid
BILL/2026/09/0004,Partners JV,2026-09-06,2026-09-06,,Sara,-25.000,-25.000,0.000,Paid
BILL/2026/09/0003,Partners JV,2026-09-06,2026-09-06,,Sara,-319.400,-319.400,0.000,Paid
BILL/2026/09/0002,Partners JV,2026-09-02,2026-09-02,,Sara,-348.000,-348.000,0.000,Paid
BILL/2026/09/0001,Partners JV,2026-09-12,2026-09-12,,Fahad,-300.000,-300.000,0.000,Paid
BILL/2026/08/0008,Partners JV,2026-08-31,2026-08-31,,Sara,-878.500,-878.500,0.000,Paid
BILL/2026/08/0007,Partners JV,2026-08-30,2026-08-30,,Sara,-400.250,-400.250,0.000,Paid
BILL/2026/08/0006,Partners JV,2026-08-30,2026-08-30,,Sara,-2.880,-2.880,0.000,Paid
BILL/2026/08/0005,Partners JV,2026-08-30,2026-08-30,,Sara,-160.000,-160.000,0.000,Paid
BILL/2026/08/0004,Partners JV,2026-08-30,2026-08-30,,Sara,-112.500,-112.500,0.000,Paid
BILL/2026/08/0003,Partners JV,2026-08-30,2026-08-30,,Sara,-119.000,-119.000,0.000,Paid
BILL/2026/08/0002,Partners JV,2026-08-30,2026-08-30,,Sara,-363.500,-363.500,0.000,Paid
BILL/2026/08/0001,Partners JV,2026-08-31,2026-08-31,,Fahad,-145.000,-145.000,0.000,Paid
BILL/2025/08/0004,Partners JV,2026-08-07,2026-09-17,,Fahad,0.000,0.000,0.000,Draft
BILL/2026/07/0040,Bank Fees,2026-07-31,2026-07-31,,,-110.750,-110.750,0.000,Paid
BILL/2026/07/0035,Staff Expenses JV,2026-07-31,2026-07-31,,0726,"-14,055.500","-14,055.500",0.000,Paid
BILL/2026/07/0028,Blue Diamond plus Co.,2026-07-31,2026-09-08,,0194,-226.840,-226.840,-226.840,Posted
BILL/2026/07/0027,ArtVision,2026-07-28,2026-07-28,,,"-8,407.000","-8,407.000",0.000,Paid
BILL/2026/07/0039,Intercompany Transfers,2026-07-27,2026-07-27,,,"-36,140.000","-36,140.000",0.000,Paid
BILL/2026/07/0037,Intercompany Transfers,2026-07-27,2026-07-27,,,"-16,500.000","-16,500.000",0.000,Paid
BILL/2026/07/0034,Deema Fawaz AlAdwani,2026-07-27,2026-07-27,,,-458.900,-458.900,0.000,Paid
BILL/2026/07/0026,Marketing JV,2026-07-27,2026-07-27,,,-640.000,-640.000,0.000,Paid
BILL/2026/07/0025,ArtVision,2026-07-27,2026-07-27,,,-709.000,-709.000,0.000,Paid
BILL/2026/07/0024,Staff Expenses JV,2026-07-22,2026-07-22,,,-307.612,-307.612,0.000,Paid
BILL/2026/07/0023,ArtVision,2026-07-21,2026-07-21,,,"-5,325.000","-5,325.000",0.000,Paid
BILL/2026/07/0022,Deema Fawaz AlAdwani,2026-07-21,2026-07-21,,,"-1,000.000","-1,000.000",0.000,Paid
BILL/2026/07/0021,Rental JV,2026-07-20,2026-07-20,,,-450.000,-450.000,0.000,Paid
BILL/2026/07/0033,Deema Fawaz AlAdwani,2026-07-19,2026-07-19,,,-334.900,-334.900,0.000,Paid
BILL/2026/07/0020,ArtVision,2026-07-19,2026-07-19,,,"-14,163.000","-14,163.000",0.000,Paid
BILL/2026/07/0019,Marketing JV,2026-07-17,2026-07-17,,,-639.000,-639.000,0.000,Paid
BILL/2026/07/0032,Deema Fawaz AlAdwani,2026-07-15,2026-07-15,,,-531.000,-531.000,0.000,Paid
BILL/2026/07/0018,ArtVision,2026-07-14,2026-07-14,,,"-3,843.500","-3,843.500",0.000,Paid
BILL/2026/07/0017,ArtVision,2026-07-12,2026-07-12,,,-325.000,-325.000,0.000,Paid
BILL/2026/07/0016,Marketing JV,2026-07-12,2026-07-12,,,-100.000,-100.000,0.000,Paid
BILL/2026/07/0031,Deema Fawaz AlAdwani,2026-07-09,2026-07-09,,,-280.700,-280.700,0.000,Paid
BILL/2026/07/0030,Deema Fawaz AlAdwani,2026-07-09,2026-07-09,,,-163.500,-163.500,0.000,Paid
BILL/2026/07/0015,ArtVision,2026-07-09,2026-07-09,,,"-5,000.000","-5,000.000",0.000,Paid
BILL/2026/07/0014,Deema Fawaz AlAdwani,2026-07-09,2026-07-09,,,"-1,000.000","-1,000.000",0.000,Paid
BILL/2026/07/0013,Mohammad SM Alzuabi,2026-07-09,2026-07-09,,,"-18,500.000","-18,500.000",0.000,Paid
BILL/2026/07/0012,Rental JV,2026-07-09,2026-07-09,,,"-3,150.000","-3,150.000",0.000,Paid
BILL/2026/07/0011,ArtVision,2026-07-08,2026-07-08,,,"-4,000.000","-4,000.000",0.000,Paid
BILL/2026/07/0010,Rental JV,2026-07-08,2026-07-08,,,"-2,150.000","-2,150.000",0.000,Paid
BILL/2026/07/0009,Marketing JV,2026-07-07,2026-07-07,,,-640.000,-640.000,0.000,Paid
BILL/2026/07/0008,Al Babtain Co.,2026-07-07,2026-07-07,,,"-36,812.000","-36,812.000","-27,612.000",Partially Paid
BILL/2026/07/0007,SPA AND MORE FOR GENERAL TRADING COMPANY WLL,2026-07-05,2026-07-05,,,-325.000,-325.000,0.000,Paid
BILL/2026/07/0029,Deema Fawaz AlAdwani,2026-07-04,2026-07-04,,,-490.820,-490.820,0.000,Paid
BILL/2026/07/0006,ArtVision,2026-07-04,2026-07-04,,,"-1,120.000","-1,120.000",0.000,Paid
BILL/2026/07/0041,Bank Fees,2026-07-03,2026-07-03,,,"-2,864.643","-2,864.643",0.000,Paid
BILL/2026/07/0005,Rental JV,2026-07-02,2026-07-02,,,-165.000,-165.000,0.000,Paid
BILL/2026/07/0004,Marketing JV,2026-07-02,2026-07-02,,,-250.000,-250.000,0.000,Paid
BILL/2026/07/0003,ArtVision,2026-07-02,2026-07-02,,,"-1,000.000","-1,000.000",0.000,Paid
BILL/2026/07/0038,Bank Fees,2026-07-01,2026-07-01,,,-20.000,-20.000,0.000,Paid
BILL/2026/07/0036,Bank Fees,2026-07-01,2026-07-01,,,-20.000,-20.000,0.000,Paid
BILL/2026/07/0002,Deema Fawaz AlAdwani,2026-07-01,2026-07-01,,,"-1,000.000","-1,000.000",0.000,Paid
BILL/2026/06/0063,Intercompany Transfers,2026-06-30,2026-06-30,,,"-4,050.000","-4,050.000",0.000,Paid
BILL/2026/06/0059,Partners JV,2026-06-23,2026-06-23,,Fahad,-60.000,-60.000,0.000,Paid
BILL/2026/06/0058,Partners JV,2026-06-23,2026-06-23,,Fahad,"-1,000.000","-1,000.000",0.000,Paid
BILL/2026/06/0057,Partners JV,2026-06-23,2026-06-23,,Fahad,-250.000,-250.000,0.000,Paid
BILL/2026/06/0056,Partners JV,2026-06-23,2026-06-23,,Fahad,"-1,500.000","-1,500.000",0.000,Paid
BILL/2026/06/0055,Partners JV,2026-06-22,2026-06-22,,Fahad,"-5,000.000","-5,000.000",0.000,Paid
BILL/2026/06/0037,Staff Expenses JV,2026-06-30,2026-06-30,,0626,"-13,931.000","-13,931.000",0.000,Paid
BILL/2026/06/0036,Staff Expenses JV,2026-06-30,2026-07-01,,,"-13,989.000","-13,989.000",0.000,Paid
BILL/2026/06/0035,Deema Fawaz AlAdwani,2026-06-01,2026-09-03,,,0.000,0.000,0.000,Paid
BILL/2026/06/0034,Deema Fawaz AlAdwani,2026-06-11,2026-09-03,,,0.000,0.000,0.000,Paid
BILL/2026/06/0033,Deema Fawaz AlAdwani,2026-06-02,2026-09-03,,,0.000,0.000,0.000,Paid
BILL/2026/06/0032,Deema Fawaz AlAdwani,2026-06-06,2026-09-03,,,0.000,0.000,0.000,Paid
BILL/2026/06/0031,Deema Fawaz AlAdwani,2026-06-09,2026-09-02,,,0.000,0.000,0.000,Paid
BILL/2026/06/0030,Deema Fawaz AlAdwani,2026-06-06,2026-09-01,,Jun26,0.000,0.000,0.000,Paid
BILL/2026/06/0029,BIN NISF GENERAL TRADING & CONT. CO.,2026-06-28,2026-09-01,,200326,-138.000,-138.000,0.000,Paid
BILL/2026/06/0028,Misc JV,2026-06-28,2026-09-01,,,-20.000,-20.000,0.000,Paid
BILL/2026/06/0027,BIN NISF GENERAL TRADING & CONT. CO.,2026-06-28,2026-09-01,,2664421,-26.000,-26.000,0.000,Paid
BILL/2026/06/0026,PRESTIGE BEAUTY CO FOR COSMETICS WLL,2026-06-28,2026-09-01,,15674,-137.500,-137.500,0.000,Paid
BILL/2026/06/0025,SHEIN DISTRIBUTION UK LIMITED,2026-06-24,2026-09-01,,,-99.000,-99.000,0.000,Paid
BILL/2026/06/0024,UNITED EXPRESS INTERNATIONAL GEN TRAD AND CONT CO,2026-06-24,2026-09-01,,,-525.000,-525.000,0.000,Paid
BILL/2026/06/0023,Misc JV,2026-06-26,2026-09-01,,,-69.000,-69.000,0.000,Paid
BILL/2026/06/0022,GULF SYSTEMS COMPUTER CO. WLL,2026-06-30,2026-09-01,,,"-1,495.000","-1,495.000",0.000,Paid
BILL/2026/06/0021,AL-SHATTI & HADEED GEN. TRAD. & CONT. CO.,2026-06-28,2026-09-01,,,"-7,500.000","-7,500.000",0.000,Paid
BILL/2026/06/0020,MEGA TECH ELECTRICAL CONT CO,2026-06-28,2026-09-01,,,"-2,500.000","-2,500.000",0.000,Paid
BILL/2026/06/0019,Marketing JV,2026-06-27,2026-09-01,,,-765.000,-765.000,0.000,Paid
BILL/2026/06/0018,Marketing JV,2026-06-17,2026-09-01,,,-637.000,-637.000,0.000,Paid
BILL/2026/06/0017,Marketing JV,2026-06-10,2026-09-01,,,-890.000,-890.000,0.000,Paid
BILL/2026/06/0016,Marketing JV,2026-06-10,2026-09-01,,,-240.000,-240.000,0.000,Paid
BILL/2026/06/0015,Marketing JV,2026-06-07,2026-09-01,,,-637.000,-637.000,0.000,Paid
BILL/2026/06/0014,Misc JV,2026-06-02,2026-09-01,,,-142.000,-142.000,0.000,Paid
BILL/2026/06/0013,SPA AND MORE FOR GENERAL TRADING COMPANY WLL,2026-06-02,2026-09-01,,,"-2,000.000","-2,000.000","-2,000.000",Cancelled
BILL/2026/06/0012,Marketing JV,2026-06-02,2026-09-01,,,-250.000,-250.000,0.000,Paid
BILL/2026/06/0011,Rental JV,2026-06-02,2026-08-31,,Jun26,"-4,950.000","-4,950.000",0.000,Paid
BILL/2026/06/0010,Staff Expenses JV,2026-06-30,2026-08-31,,Salary & Commission Jun-26,"-11,400.000","-11,400.000","-11,400.000",Cancelled
BILL/2026/06/0009,Deema Fawaz AlAdwani,2026-06-18,2026-08-29,,,"-1,500.000","-1,500.000",0.000,Paid
BILL/2026/06/0008,Deema Fawaz AlAdwani,2026-06-17,2026-08-29,,,"-1,000.000","-1,000.000",0.000,Paid
BILL/2026/06/0007,Deema Fawaz AlAdwani,2026-06-04,2026-08-29,,,-500.000,-500.000,0.000,Paid
BILL/2026/06/0006,Bank Fees,2026-06-21,2026-08-29,,Jun26,-25.000,-25.000,0.000,Paid
BILL/2026/06/0005,Bank Fees,2026-06-29,2026-08-29,,Jun26,-20.000,-20.000,-20.000,Cancelled
BILL/2026/06/0004,Deema Fawaz AlAdwani,2026-06-11,2026-08-29,,,"-1,000.000","-1,000.000",0.000,Paid
BILL/2026/06/0003,Deema Fawaz AlAdwani,2026-06-08,2026-08-29,,,-500.000,-500.000,0.000,Paid
BILL/2026/06/0002,Deema Fawaz AlAdwani,2026-06-06,2026-08-29,,,-500.000,-500.000,0.000,Paid
BILL/2026/06/0001,Bank Fees,2026-06-29,2026-08-29,,,-146.000,-146.000,0.000,Paid
BILL/2026/06/0062,Intercompany Transfers,2026-06-24,2026-06-24,,,"-12,315.000","-12,315.000","-12,315.000",Cancelled
BILL/2026/06/0054,Partners JV,2026-06-20,2026-06-20,,Fahad,-52.000,-52.000,0.000,Paid
BILL/2026/06/0053,Partners JV,2026-06-16,2026-06-16,,Fahad,-240.000,-240.000,0.000,Paid
BILL/2026/06/0052,Partners JV,2026-06-16,2026-06-16,,Fahad,-240.000,-240.000,0.000,Paid
BILL/2026/06/0051,Partners JV,2026-06-16,2026-06-16,,Fahad,-150.000,-150.000,0.000,Paid
BILL/2026/06/0050,Partners JV,2026-06-13,2026-06-13,,Fahad,"-4,000.000","-4,000.000",0.000,Paid
BILL/2026/06/0049,Partners JV,2026-06-12,2026-06-12,,Fahad,"-2,000.000","-2,000.000",0.000,Paid
BILL/2026/06/0048,Partners JV,2026-06-11,2026-06-11,,Fahad,-218.000,-218.000,0.000,Paid
BILL/2026/06/0047,Partners JV,2026-06-11,2026-06-11,,Fahad,-750.000,-750.000,0.000,Paid
BILL/2026/06/0046,Partners JV,2026-06-11,2026-06-11,,Fahad,"-2,000.000","-2,000.000",0.000,Paid
BILL/2026/06/0045,Partners JV,2026-06-09,2026-06-09,,Fahad,-800.000,-800.000,0.000,Paid
BILL/2026/06/0044,Partners JV,2026-06-08,2026-06-08,,Fahad,-30.000,-30.000,0.000,Paid
BILL/2026/06/0043,Partners JV,2026-06-06,2026-06-06,,Fahad,-350.000,-350.000,0.000,Paid
BILL/2026/06/0042,Partners JV,2026-06-06,2026-06-06,,Fahad,"-1,650.000","-1,650.000",0.000,Paid
BILL/2026/06/0041,Partners JV,2026-06-04,2026-06-04,,Fahad,-900.000,-900.000,0.000,Paid
BILL/2026/06/0040,Partners JV,2026-06-04,2026-06-04,,Fahad,-280.000,-280.000,0.000,Paid
BILL/2026/06/0039,Partners JV,2026-06-03,2026-06-03,,Fahad,"-2,000.000","-2,000.000",0.000,Paid
BILL/2026/06/0038,Partners JV,2026-06-03,2026-06-03,,Fahad,-146.000,-146.000,0.000,Paid
BILL/2026/06/0061,Intercompany Transfers,2026-06-02,2026-06-02,,,"-13,500.000","-13,500.000","-13,500.000",Cancelled
BILL/2026/06/0060,Bank Fees,2026-06-01,2026-06-01,,,-20.000,-20.000,0.000,Paid
BILL/2026/05/0060,Bank Fees,2026-05-31,2026-05-31,,,-98.750,-98.750,0.000,Paid
BILL/2026/05/0054,Partners JV,2026-05-13,2026-05-13,,Sara,-43.750,-43.750,0.000,Paid
BILL/2026/05/0050,Partners JV,2026-05-20,2026-05-20,,Fahad,"-2,725.000","-2,725.000",0.000,Paid
BILL/2026/05/0049,Partners JV,2026-05-14,2026-05-14,,Fahad,"-2,000.000","-2,000.000",0.000,Paid
BILL/2026/05/0048,Partners JV,2026-05-12,2026-05-12,,Fahad,-180.000,-180.000,0.000,Paid
BILL/2026/05/0047,Partners JV,2026-05-10,2026-05-10,,Fahad,"-3,150.000","-3,150.000",0.000,Paid
BILL/2026/05/0046,Partners JV,2026-05-05,2026-05-05,,Fahad,-280.000,-280.000,0.000,Paid
BILL/2026/05/0045,Partners JV,2026-05-04,2026-05-04,,Fahad,"-7,000.000","-7,000.000",0.000,Paid
BILL/2026/05/0044,Staff Expenses JV,2026-05-31,2026-05-31,,0526,"-12,844.000","-12,844.000",0.000,Paid
BILL/2026/05/0043,Deema Fawaz AlAdwani,2026-05-31,2026-05-31,,,-375.960,-375.960,0.000,Paid
BILL/2026/05/0002,Staff Expenses JV,2026-05-30,2026-09-01,,,"-1,670.000","-1,670.000",0.000,Paid
BILL/2026/05/0001,Staff Expenses JV,2026-05-31,2026-08-29,,May26,"-11,232.000","-11,232.000",0.000,Paid
BILL/2026/05/0036,Marketing JV,2026-05-29,2026-05-29,,,-763.000,-763.000,0.000,Paid
BILL/2026/05/0035,Deema Fawaz AlAdwani,2026-05-26,2026-05-26,,,-500.000,-500.000,0.000,Paid
BILL/2026/05/0042,Deema Fawaz AlAdwani,2026-05-25,2026-05-25,,,-310.685,-310.685,0.000,Paid
BILL/2026/05/0034,Deema Fawaz AlAdwani,2026-05-21,2026-05-21,,,-500.000,-500.000,0.000,Paid
BILL/2026/05/0053,Partners JV,2026-05-20,2026-05-20,,Fahad,"-2,000.000","-2,000.000",0.000,Paid
BILL/2026/05/0052,Partners JV,2026-05-20,2026-05-20,,Fahad,-324.000,-324.000,0.000,Paid
BILL/2026/05/0051,Partners JV,2026-05-20,2026-05-20,,Fahad,-700.000,-700.000,0.000,Paid
BILL/2026/05/0033,Deema Fawaz AlAdwani,2026-05-20,2026-05-20,,,"-1,000.000","-1,000.000",0.000,Paid
BILL/2026/05/0032,Marketing JV,2026-05-19,2026-05-19,,,-637.000,-637.000,0.000,Paid
BILL/2026/05/0041,Deema Fawaz AlAdwani,2026-05-17,2026-05-17,,,"-1,231.450","-1,231.450",0.000,Paid
BILL/2026/05/0031,Misc JV,2026-05-14,2026-05-14,,,-150.000,-150.000,0.000,Paid
BILL/2026/05/0030,Deema Fawaz AlAdwani,2026-05-14,2026-05-14,,,-500.000,-500.000,0.000,Paid
BILL/2026/05/0063,Intercompany Transfers,2026-05-13,2026-05-13,,,"-24,500.000","-24,500.000",0.000,Paid
BILL/2026/05/0029,ArtVision,2026-05-13,2026-05-13,,,"-1,650.000","-1,650.000",0.000,Paid
BILL/2026/05/0028,Blue Diamond Plus Co.,2026-05-13,2026-05-13,,,-714.580,-714.580,0.000,Paid
BILL/2026/05/0040,Deema Fawaz AlAdwani,2026-05-12,2026-05-12,,,-776.000,-776.000,0.000,Paid
BILL/2026/05/0027,Deema Fawaz AlAdwani,2026-05-12,2026-05-12,,,-500.000,-500.000,0.000,Paid
BILL/2026/05/0026,Misc JV,2026-05-11,2026-05-11,,,-44.000,-44.000,0.000,Paid
BILL/2026/05/0025,Misc JV,2026-05-11,2026-05-11,,,-25.000,-25.000,0.000,Paid
BILL/2026/05/0024,Rental JV,2026-05-10,2026-05-10,,,-450.000,-450.000,0.000,Paid
BILL/2026/05/0023,SPA AND MORE FOR GENERAL TRADING COMPANY WLL,2026-05-10,2026-05-10,,,-500.000,-500.000,0.000,Paid
BILL/2026/05/0022,ArtVision,2026-05-10,2026-05-10,,,-14.750,-14.750,0.000,Paid
BILL/2026/05/0021,Deema Fawaz AlAdwani,2026-05-09,2026-05-09,,,-500.000,-500.000,0.000,Paid
BILL/2026/05/0020,Marketing JV,2026-05-08,2026-05-08,,,-460.000,-460.000,0.000,Paid
BILL/2026/05/0039,Deema Fawaz AlAdwani,2026-05-07,2026-05-07,,,-766.300,-766.300,0.000,Paid
BILL/2026/05/0066,Intercompany Transfers,2026-05-06,2026-05-06,,,"-2,000.000","-2,000.000",0.000,Paid
BILL/2026/05/0057,Intercompany Transfers,2026-05-06,2026-05-06,,,"-5,000.000","-5,000.000",0.000,Paid
BILL/2026/05/0019,Deema Fawaz AlAdwani,2026-05-06,2026-05-06,,,-200.000,-200.000,0.000,Paid
BILL/2026/05/0018,Deema Fawaz AlAdwani,2026-05-06,2026-05-06,,,-500.000,-500.000,0.000,Paid
BILL/2026/05/0017,Marketing JV,2026-05-06,2026-05-06,,,"-1,200.000","-1,200.000",0.000,Paid
BILL/2026/05/0016,ArtVision,2026-05-06,2026-05-06,,,"-3,000.000","-3,000.000",0.000,Paid
BILL/2026/05/0015,White Stores General Trad. Co. W.L.L.,2026-05-05,2026-05-05,,,-36.965,-36.965,0.000,Paid
BILL/2026/05/0014,Rental JV,2026-05-05,2026-05-05,,,"-2,150.000","-2,150.000",0.000,Paid
BILL/2026/05/0013,Staff Expenses JV,2026-05-05,2026-05-05,,,-500.000,-500.000,0.000,Paid
BILL/2026/05/0012,White Stores General Trad. Co. W.L.L.,2026-05-04,2026-05-04,,,-30.350,-30.350,0.000,Paid
BILL/2026/05/0011,Misc JV,2026-05-04,2026-05-04,,,-17.000,-17.000,0.000,Paid
BILL/2026/05/0010,Marketing JV,2026-05-04,2026-05-04,,,-30.000,-30.000,0.000,Paid
BILL/2026/05/0009,ArtVision,2026-05-04,2026-05-04,,,"-1,000.000","-1,000.000",0.000,Paid
BILL/2026/05/0008,SPA AND MORE FOR GENERAL TRADING COMPANY WLL,2026-05-04,2026-05-04,,,"-2,000.000","-2,000.000","-2,000.000",Cancelled
BILL/2026/05/0062,Intercompany Transfers,2026-05-03,2026-05-03,,,"-7,281.000","-7,281.000",0.000,Paid
BILL/2026/05/0059,Bank Fees,2026-05-03,2026-05-03,,,-20.000,-20.000,0.000,Paid
BILL/2026/05/0056,Bank Fees,2026-05-03,2026-05-03,,,-20.000,-20.000,0.000,Paid
BILL/2026/05/0038,Deema Fawaz AlAdwani,2026-05-03,2026-05-03,,,-922.250,-922.250,0.000,Paid
BILL/2026/05/0007,White Stores General Trad. Co. W.L.L.,2026-05-03,2026-05-03,,,-253.340,-253.340,0.000,Paid
BILL/2026/05/0006,Blue Diamond Plus Co.,2026-05-03,2026-05-03,,,-519.420,-519.420,0.000,Paid
BILL/2026/05/0065,Intercompany Transfers,2026-05-02,2026-05-02,,,"-3,300.000","-3,300.000",0.000,Paid
BILL/2026/05/0064,Intercompany Transfers,2026-05-02,2026-05-02,,,"-8,500.000","-8,500.000",0.000,Paid
BILL/2026/05/0058,Bank Fees,2026-05-02,2026-05-02,,,-24.000,-24.000,0.000,Paid
BILL/2026/05/0055,Intercompany Transfers,2026-05-02,2026-05-02,,,"-13,000.000","-13,000.000",0.000,Paid
BILL/2026/05/0005,Marketing JV,2026-05-02,2026-05-02,,,-250.000,-250.000,0.000,Paid
BILL/2026/05/0004,Misc JV,2026-05-02,2026-05-02,,,-142.000,-142.000,0.000,Paid
BILL/2026/05/0003,Staff Expenses JV,2026-05-02,2026-05-02,,,"-3,100.000","-3,100.000",0.000,Paid
BILL/2026/05/0061,Deema Fawaz AlAdwani,2026-05-01,2026-05-01,,,"-1,000.000","-1,000.000",0.000,Paid
BILL/2026/05/0037,Deema Fawaz AlAdwani,2026-05-01,2026-05-01,,,-661.540,-661.540,0.000,Paid
BILL/2026/04/0065,Bank Fees,2026-04-30,2026-04-30,,,-81.500,-81.500,0.000,Paid
BILL/2026/04/0060,Partners JV,2026-04-30,2026-04-30,,Sara,-35.060,-35.060,0.000,Paid
BILL/2026/04/0059,Partners JV,2026-04-07,2026-04-07,,Sara,-74.600,-74.600,0.000,Paid
BILL/2026/04/0058,Partners JV,2026-04-07,2026-04-07,,Sara,-108.000,-108.000,0.000,Paid
BILL/2026/04/0057,Partners JV,2026-04-07,2026-04-07,,Sara,-85.000,-85.000,0.000,Paid
BILL/2026/04/0056,Partners JV,2026-04-07,2026-04-07,,Sara,-560.900,-560.900,0.000,Paid
BILL/2026/04/0055,Partners JV,2026-04-07,2026-04-07,,Sara,-840.000,-840.000,0.000,Paid
BILL/2026/04/0054,Partners JV,2026-04-16,2026-04-16,,Fahad,-30.000,-30.000,0.000,Paid
BILL/2026/04/0053,Staff Expenses JV,2026-04-30,2026-04-30,,0426,"-11,307.500","-11,307.500",0.000,Paid
BILL/2026/04/0047,Misc JV,2026-04-29,2026-04-29,,,-60.000,-60.000,0.000,Paid
BILL/2026/04/0069,Intercompany Transfers,2026-04-28,2026-04-28,,,"-10,415.000","-10,415.000",0.000,Paid
BILL/2026/04/0046,Deema Fawaz AlAdwani,2026-04-28,2026-04-28,,,"-1,000.000","-1,000.000",0.000,Paid
BILL/2026/04/0052,Deema Fawaz AlAdwani,2026-04-27,2026-04-27,,,"-1,265.000","-1,265.000",0.000,Paid
BILL/2026/04/0045,Misc JV,2026-04-26,2026-04-26,,,-55.000,-55.000,0.000,Paid
BILL/2026/04/0044,Deema Fawaz AlAdwani,2026-04-25,2026-04-25,,,"-1,000.000","-1,000.000",0.000,Paid
BILL/2026/04/0068,Intercompany Transfers,2026-04-23,2026-04-23,,,"-10,200.000","-10,200.000",0.000,Paid
BILL/2026/04/0067,Intercompany Transfers,2026-04-23,2026-04-23,,,0.000,0.000,0.000,Paid
BILL/2026/04/0051,Deema Fawaz AlAdwani,2026-04-23,2026-04-23,,,-931.806,-931.806,0.000,Paid
BILL/2026/04/0043,Abdellah Ali Ahmed Mahmoud,2026-04-23,2026-04-23,,,"-1,028.000","-1,028.000",0.000,Paid
BILL/2026/04/0066,Deema Fawaz AlAdwani,2026-04-21,2026-04-21,,,"-1,000.000","-1,000.000",0.000,Paid
BILL/2026/04/0050,Deema Fawaz AlAdwani,2026-04-20,2026-04-20,,,"-1,249.900","-1,249.900",0.000,Paid
BILL/2026/04/0070,Intercompany Transfers,2026-04-19,2026-04-19,,,"-6,635.000","-6,635.000",0.000,Paid
BILL/2026/04/0042,Misc JV,2026-04-19,2026-04-19,,,-55.000,-55.000,0.000,Paid
BILL/2026/04/0041,Thurayia Star,2026-04-18,2026-04-18,,,-45.000,-45.000,0.000,Paid
BILL/2026/04/0040,Ali Bahaa,2026-04-18,2026-04-18,,,-20.000,-20.000,0.000,Paid
BILL/2026/04/0039,Marketing JV,2026-04-18,2026-04-18,,,-460.000,-460.000,0.000,Paid
BILL/2026/04/0038,Mohamed Amer Abdelmoneim Amer,2026-04-18,2026-04-18,,,-350.000,-350.000,0.000,Paid
BILL/2026/04/0071,Intercompany Transfers,2026-04-16,2026-04-16,,,-330.000,-330.000,0.000,Paid
BILL/2026/04/0049,Deema Fawaz AlAdwani,2026-04-14,2026-04-14,,,-720.400,-720.400,0.000,Paid
BILL/2026/04/0037,Al Taneeb Trading Company,2026-04-14,2026-04-14,,,-269.500,-269.500,0.000,Paid
BILL/2026/04/0036,Abdellah Ali Ahmed Mahmoud,2026-04-14,2026-04-14,,,-650.000,-650.000,0.000,Paid
BILL/2026/04/0035,Ali Bahaa,2026-04-14,2026-04-14,,,-100.000,-100.000,0.000,Paid
BILL/2026/04/0034,Thurayia Star,2026-04-14,2026-04-14,,,-15.500,-15.500,0.000,Paid
BILL/2026/04/0033,The Print Shop Co,2026-04-14,2026-04-14,,,-130.000,-130.000,0.000,Paid
BILL/2026/04/0032,Ali Bahaa,2026-04-14,2026-04-14,,,-25.775,-25.775,0.000,Paid
BILL/2026/04/0031,Fahad Al Suwayed Sons,2026-04-13,2026-04-13,,,-111.000,-111.000,0.000,Paid
BILL/2026/04/0030,Mostafa Mahmood Hassan,2026-04-13,2026-04-13,,,"-1,325.000","-1,325.000",0.000,Paid
BILL/2026/04/0029,Farhan Fahim Mohamed,2026-04-12,2026-04-12,,,-800.000,-800.000,0.000,Paid
BILL/2026/04/0028,Oscar Golder Group,2026-04-12,2026-04-12,,,-85.000,-85.000,0.000,Paid
BILL/2026/04/0027,Misc JV,2026-04-12,2026-04-12,,,-75.000,-75.000,0.000,Paid
BILL/2026/04/0026,Misc JV,2026-04-12,2026-04-12,,,-92.000,-92.000,0.000,Paid
BILL/2026/04/0025,Samra Al-Yemen,2026-04-09,2026-04-09,,,-57.500,-57.500,0.000,Paid
BILL/2026/04/0024,Thurayia Star,2026-04-09,2026-04-09,,,-30.250,-30.250,0.000,Paid
BILL/2026/04/0023,Food Choice Gen Trad Co.,2026-04-08,2026-04-08,,,-264.000,-264.000,0.000,Paid
BILL/2026/04/0022,Marketing JV,2026-04-08,2026-04-08,,,-464.000,-464.000,0.000,Paid
BILL/2026/04/0021,Dr Scent,2026-04-08,2026-04-08,,,-125.000,-125.000,0.000,Paid
BILL/2026/04/0020,SPA AND MORE FOR GENERAL TRADING COMPANY WLL,2026-04-08,2026-04-08,,,-500.000,-500.000,0.000,Paid
BILL/2026/04/0019,Boushahri Group Trading,2026-04-08,2026-04-08,,,-25.980,-25.980,0.000,Paid
BILL/2026/04/0063,Intercompany Transfers,2026-04-07,2026-04-07,,,"-5,750.000","-5,750.000",0.000,Paid
BILL/2026/04/0018,Ali Bahaa,2026-04-07,2026-04-07,,,-135.995,-135.995,0.000,Paid
BILL/2026/04/0017,Misc JV,2026-04-07,2026-04-07,,,-3.000,-3.000,0.000,Paid
BILL/2026/04/0048,Deema Fawaz AlAdwani,2026-04-06,2026-04-06,,,-325.140,-325.140,0.000,Paid
BILL/2026/04/0016,Misc JV,2026-04-06,2026-04-06,,,-60.000,-60.000,0.000,Paid
BILL/2026/04/0015,Rental JV,2026-04-06,2026-04-06,,,"-3,150.000","-3,150.000",0.000,Paid
BILL/2026/04/0014,Blue Diamond Plus Co.,2026-04-06,2026-04-06,,,-454.740,-454.740,0.000,Paid
BILL/2026/04/0013,JothenPro,2026-04-06,2026-04-06,,,-545.000,-545.000,0.000,Paid
BILL/2026/04/0012,Ali Bahaa,2026-04-06,2026-04-06,,,-915.000,-915.000,0.000,Paid
BILL/2026/04/0011,Al Shamel Office Supplies,2026-04-06,2026-04-06,,,-23.500,-23.500,0.000,Paid
BILL/2026/04/0010,Thurayia Star,2026-04-06,2026-04-06,,,-15.500,-15.500,0.000,Paid
BILL/2026/04/0009,Rental JV,2026-04-06,2026-04-06,,,-280.000,-280.000,0.000,Paid
BILL/2026/04/0008,Misc JV,2026-04-05,2026-04-05,,,-30.000,-30.000,0.000,Paid
BILL/2026/04/0007,Al-Omaizi Construction Material Co.,2026-04-05,2026-04-05,,,"-2,250.000","-2,250.000",0.000,Paid
BILL/2026/04/0006,Suspense JV,2026-04-03,2026-04-03,,,-6.000,-6.000,0.000,Paid
BILL/2026/04/0064,Bank Fees,2026-04-01,2026-04-01,,,-20.000,-20.000,0.000,Paid
BILL/2026/04/0062,Intercompany Transfers,2026-04-01,2026-04-01,,,"-2,000.000","-2,000.000",0.000,Paid
BILL/2026/04/0061,Bank Fees,2026-04-01,2026-04-01,,,-20.000,-20.000,0.000,Paid
BILL/2026/04/0005,Suspense JV,2026-04-01,2026-04-01,,,-800.000,-800.000,0.000,Paid
BILL/2026/04/0004,Suspense JV,2026-04-01,2026-04-01,,,-250.000,-250.000,0.000,Paid
BILL/2026/04/0003,Misc JV,2026-04-01,2026-04-01,,,-142.000,-142.000,0.000,Paid
BILL/2026/04/0002,Suspense JV,2026-04-01,2026-04-01,,,-220.000,-220.000,0.000,Paid
BILL/2026/04/0001,Deema Fawaz AlAdwani,2026-04-01,2026-04-01,,,-200.000,-200.000,0.000,Paid
BILL/2026/03/0058,Intercompany Transfers,2026-03-31,2026-03-31,,,"-2,500.000","-2,500.000",0.000,Paid
BILL/2026/03/0053,Bank Fees,2026-03-31,2026-03-31,,,-61.750,-61.750,0.000,Paid
BILL/2026/03/0048,Staff Expenses JV,2026-03-31,2026-03-31,,0326,"-9,706.000","-9,706.000",0.000,Paid
BILL/2026/03/0047,Deema Fawaz AlAdwani,2026-03-31,2026-03-31,,,"-1,100.135","-1,100.135",0.000,Paid
BILL/2026/03/0056,Intercompany Transfers,2026-03-29,2026-03-29,,,"-10,000.000","-10,000.000",0.000,Paid
BILL/2026/03/0055,Intercompany Transfers,2026-03-29,2026-03-29,,,"-17,120.000","-17,120.000",0.000,Paid
BILL/2026/03/0051,Bank Fees,2026-03-29,2026-09-17,,,-0.250,-0.250,0.000,Paid
BILL/2026/03/0044,Misc JV,2026-03-29,2026-03-29,,,-75.000,-75.000,0.000,Paid
BILL/2026/03/0043,Misc JV,2026-03-29,2026-03-29,,,-460.000,-460.000,0.000,Paid
BILL/2026/03/0042,Misc JV,2026-03-27,2026-03-27,,,-125.000,-125.000,0.000,Paid
BILL/2026/03/0036,Rental JV,2026-03-27,2026-03-27,,,-450.000,-450.000,0.000,Paid
BILL/2026/03/0041,Misc JV,2026-03-25,2026-03-25,,,-503.720,-503.720,0.000,Paid
BILL/2026/03/0040,Misc JV,2026-03-25,2026-03-25,,,-15.750,-15.750,0.000,Paid
BILL/2026/03/0039,Misc JV,2026-03-25,2026-03-25,,,-57.750,-57.750,0.000,Paid
BILL/2026/03/0038,Misc JV,2026-03-24,2026-03-24,,,-8.000,-8.000,0.000,Paid
BILL/2026/03/0037,Misc JV,2026-03-24,2026-03-24,,,-24.000,-24.000,0.000,Paid
BILL/2026/03/0035,Misc JV,2026-03-20,2026-03-20,,,-460.000,-460.000,0.000,Paid
BILL/2026/03/0034,Misc JV,2026-03-20,2026-03-20,,,-32.000,-32.000,0.000,Paid
BILL/2026/03/0046,Ali Bahaa,2026-03-16,2026-03-16,,,-57.750,-57.750,0.000,Paid
BILL/2026/03/0033,Misc JV,2026-03-14,2026-03-14,,,-180.000,-180.000,0.000,Paid
BILL/2026/03/0032,Misc JV,2026-03-14,2026-03-14,,,-25.250,-25.250,0.000,Paid
BILL/2026/03/0031,Misc JV,2026-03-14,2026-03-14,,,-30.000,-30.000,0.000,Paid
BILL/2026/03/0030,Misc JV,2026-03-14,2026-03-14,,,-20.000,-20.000,0.000,Paid
BILL/2026/03/0029,Misc JV,2026-03-14,2026-03-14,,,-21.000,-21.000,0.000,Paid
BILL/2026/03/0028,Misc JV,2026-03-14,2026-03-14,,,-51.624,-51.624,0.000,Paid
BILL/2026/03/0027,Misc JV,2026-03-14,2026-03-14,,,-96.000,-96.000,0.000,Paid
BILL/2026/03/0026,Misc JV,2026-03-14,2026-03-14,,,-58.820,-58.820,0.000,Paid
BILL/2026/03/0025,Misc JV,2026-03-13,2026-03-13,,,-37.500,-37.500,0.000,Paid
BILL/2026/03/0024,Misc JV,2026-03-13,2026-03-13,,,-56.000,-56.000,0.000,Paid
BILL/2026/03/0023,Misc JV,2026-03-11,2026-03-11,,,-460.000,-460.000,0.000,Paid
BILL/2026/03/0045,Deema Fawaz AlAdwani,2026-03-08,2026-03-08,,,-250.000,-250.000,0.000,Paid
BILL/2026/03/0050,Intercompany Transfers,2026-03-07,2026-03-07,,,"-2,000.000","-2,000.000",0.000,Paid
BILL/2026/03/0021,Rental JV,2026-03-05,2026-03-05,,,-280.000,-280.000,0.000,Paid
BILL/2026/03/0020,Misc JV,2026-03-05,2026-03-05,,,-6.000,-6.000,0.000,Paid
BILL/2026/03/0019,Misc JV,2026-03-05,2026-03-05,,,-80.000,-80.000,0.000,Paid
BILL/2026/03/0018,Misc JV,2026-03-05,2026-03-05,,,-30.000,-30.000,0.000,Paid
BILL/2026/03/0017,Misc JV,2026-03-05,2026-03-05,,,-399.420,-399.420,0.000,Paid
BILL/2026/03/0016,Misc JV,2026-03-05,2026-03-05,,,-60.000,-60.000,0.000,Paid
BILL/2026/03/0015,Misc JV,2026-03-05,2026-03-05,,,-800.000,-800.000,0.000,Paid
,Deema Fawaz AlAdwani,2026-03-04,2026-09-18,,,"-2,450.000","-2,450.000","-2,450.000",Cancelled
BILL/2026/03/0054,Deema Fawaz AlAdwani,2026-03-04,2026-03-04,,,-200.000,-200.000,0.000,Paid
BILL/2026/03/0014,Misc JV,2026-03-04,2026-03-04,,,-142.000,-142.000,0.000,Paid
BILL/2026/03/0013,Misc JV,2026-03-04,2026-03-04,,,-500.000,-500.000,0.000,Paid
BILL/2026/03/0012,Rental JV,2026-03-03,2026-03-03,,,"-5,300.000","-5,300.000",0.000,Paid
BILL/2026/03/0011,Misc JV,2026-03-03,2026-03-03,,,-250.000,-250.000,0.000,Paid
BILL/2026/03/0057,Intercompany Transfers,2026-03-02,2026-03-02,,,"-4,424.000","-4,424.000",0.000,Paid
BILL/2026/03/0010,Misc JV,2026-03-02,2026-03-02,,,"-1,000.000","-1,000.000",0.000,Paid
BILL/2026/03/0009,Misc JV,2026-03-02,2026-03-02,,,-600.000,-600.000,0.000,Paid
BILL/2026/03/0008,Misc JV,2026-03-02,2026-03-02,,,-846.000,-846.000,0.000,Paid
BILL/2026/03/0007,Misc JV,2026-03-02,2026-03-02,,,-185.000,-185.000,0.000,Paid
BILL/2026/03/0006,Misc JV,2026-03-02,2026-03-02,,,-365.000,-365.000,0.000,Paid
BILL/2026/03/0005,Misc JV,2026-03-02,2026-03-02,,,-400.000,-400.000,0.000,Paid
BILL/2026/03/0004,Misc JV,2026-03-02,2026-03-02,,,-800.000,-800.000,0.000,Paid
BILL/2026/03/0003,Misc JV,2026-03-02,2026-03-02,,,-800.000,-800.000,0.000,Paid
BILL/2026/03/0002,Misc JV,2026-03-02,2026-03-02,,,-345.000,-345.000,0.000,Paid
BILL/2026/03/0001,Misc JV,2026-03-02,2026-03-02,,,-150.000,-150.000,0.000,Paid
BILL/2026/03/0052,Bank Fees,2026-03-01,2026-03-01,,,-20.000,-20.000,0.000,Paid
BILL/2026/03/0049,Bank Fees,2026-03-01,2026-03-01,,,-20.000,-20.000,0.000,Paid
BILL/2026/02/0028,Intercompany Transfers,2026-02-28,2026-02-28,,,"-19,760.000","-19,760.000",0.000,Paid
BILL/2026/02/0025,Bank Fees,2026-02-28,2026-02-28,,,-51.500,-51.500,0.000,Paid
BILL/2026/02/0020,Staff Expenses JV,2026-02-28,2026-02-28,,0226,"-10,203.219","-10,203.219",0.000,Paid
BILL/2026/02/0017,Misc JV,2026-02-28,2026-02-28,,,-585.000,-585.000,0.000,Paid
BILL/2026/02/0016,NAZIH INTERNATIONAL GEN. TRAD. CO WLL.,2026-02-23,2026-02-23,,,-500.000,-500.000,0.000,Paid
BILL/2026/02/0015,Misc JV,2026-02-18,2026-02-18,,,-460.000,-460.000,0.000,Paid
BILL/2026/02/0030,Misc JV,2026-02-15,2026-02-15,,,"-2,450.000","-2,450.000","-2,450.000",Cancelled
BILL/2026/02/0026,Deema Fawaz AlAdwani,2026-02-15,2026-02-15,,,"-2,450.000","-2,450.000",0.000,Paid
BILL/2026/02/0014,Intercompany Transfers,2026-02-14,2026-02-14,,,-8.000,-8.000,0.000,Paid
BILL/2026/02/0019,Ali Bahaa,2026-02-10,2026-02-10,,,-506.885,-506.885,0.000,Paid
BILL/2026/02/0013,Misc JV,2026-02-10,2026-02-10,,,-460.000,-460.000,0.000,Paid
BILL/2026/02/0027,Intercompany Transfers,2026-02-04,2026-02-04,,,-800.000,-800.000,0.000,Paid
BILL/2026/02/0012,Misc JV,2026-02-04,2026-02-04,,,-30.000,-30.000,0.000,Paid
BILL/2026/02/0011,SPA AND MORE FOR GENERAL TRADING COMPANY WLL,2026-02-04,2026-02-04,,,"-2,000.000","-2,000.000","-2,000.000",Cancelled
BILL/2026/02/0010,Rental JV,2026-02-03,2026-02-03,,,-280.000,-280.000,0.000,Paid
BILL/2026/02/0009,Misc JV,2026-02-03,2026-02-03,,,-125.000,-125.000,0.000,Paid
BILL/2026/02/0023,Intercompany Transfers,2026-02-02,2026-02-02,,,"-3,114.000","-3,114.000",0.000,Paid
BILL/2026/02/0029,Intercompany Transfers,2026-02-01,2026-02-01,,,"-6,536.000","-6,536.000",0.000,Paid
BILL/2026/02/0024,Bank Fees,2026-02-01,2026-02-01,,,-20.000,-20.000,0.000,Paid
BILL/2026/02/0022,Bank Fees,2026-02-01,2026-02-01,,,-20.000,-20.000,0.000,Paid
BILL/2026/02/0021,Intercompany Transfers,2026-02-01,2026-02-01,,,"-1,000.000","-1,000.000",0.000,Paid
BILL/2026/02/0018,Misc JV,2026-02-01,2026-02-01,,,-240.000,-240.000,0.000,Paid
BILL/2026/02/0008,Misc JV,2026-02-01,2026-02-01,,,"-13,000.000","-13,000.000",0.000,Paid
BILL/2026/02/0007,Misc JV,2026-02-01,2026-02-01,,,-800.000,-800.000,0.000,Paid
BILL/2026/02/0006,Rental JV,2026-02-01,2026-02-01,,,"-1,000.000","-1,000.000",0.000,Paid
BILL/2026/02/0005,Misc JV,2026-02-01,2026-02-01,,,-250.000,-250.000,0.000,Paid
BILL/2026/02/0004,Rental JV,2026-02-01,2026-02-01,,,-800.000,-800.000,0.000,Paid
BILL/2026/02/0003,Rental JV,2026-02-01,2026-02-01,,,"-2,750.000","-2,750.000",0.000,Paid
BILL/2026/02/0002,Rental JV,2026-02-01,2026-02-01,,,-350.000,-350.000,0.000,Paid
BILL/2026/02/0001,Rental JV,2026-02-01,2026-02-01,,,-400.000,-400.000,0.000,Paid
BILL/2026/01/0039,Bank Fees,2026-01-31,2026-01-31,,,-62.000,-62.000,0.000,Paid
BILL/2026/01/0035,Staff Expenses JV,2026-01-31,2026-01-31,,0126,"-9,634.076","-9,634.076",0.000,Paid
BILL/2026/01/0029,Misc JV,2026-01-29,2026-01-29,,,-24.000,-24.000,0.000,Paid
BILL/2026/01/0034,Ali Bahaa,2026-01-28,2026-01-28,,,-138.280,-138.280,0.000,Paid
BILL/2026/01/0028,Misc JV,2026-01-28,2026-01-28,,,-585.000,-585.000,0.000,Paid
BILL/2026/01/0045,Misc JV,2026-01-26,2026-01-26,,,"-1,500.000","-1,500.000","-1,500.000",Cancelled
BILL/2026/01/0041,Deema Fawaz AlAdwani,2026-01-26,2026-01-26,,,"-1,500.000","-1,500.000",0.000,Paid
BILL/2026/01/0027,Misc JV,2026-01-22,2026-01-22,,,-300.000,-300.000,0.000,Paid
BILL/2026/01/0042,Intercompany Transfers,2026-01-21,2026-01-21,,,"-20,489.250","-20,489.250",0.000,Paid
BILL/2026/01/0026,Misc JV,2026-01-21,2026-01-21,,,"-2,720.000","-2,720.000",0.000,Paid
BILL/2026/01/0025,Misc JV,2026-01-21,2026-01-21,,,-500.000,-500.000,0.000,Paid
BILL/2026/01/0024,Misc JV,2026-01-21,2026-01-21,,,-38.000,-38.000,0.000,Paid
BILL/2026/01/0023,Misc JV,2026-01-18,2026-01-18,,,-34.000,-34.000,0.000,Paid
BILL/2026/01/0022,Misc JV,2026-01-18,2026-01-18,,,-60.000,-60.000,0.000,Paid
BILL/2026/01/0021,Misc JV,2026-01-18,2026-01-18,,,-460.000,-460.000,0.000,Paid
BILL/2026/01/0020,Blue Diamond plus Co.,2026-01-17,2026-01-17,,,-418.000,-418.000,0.000,Paid
BILL/2026/01/0019,Rental JV,2026-01-13,2026-01-13,,,-450.000,-450.000,0.000,Paid
BILL/2026/01/0018,Intercompany Transfers,2026-01-13,2026-01-13,,,-327.000,-327.000,0.000,Paid
BILL/2026/01/0017,Misc JV,2026-01-13,2026-01-13,,,-15.000,-15.000,0.000,Paid
BILL/2026/01/0016,Misc JV,2026-01-13,2026-01-13,,,-190.000,-190.000,0.000,Paid
BILL/2026/01/0015,Intercompany Transfers,2026-01-13,2026-01-13,,,-490.000,-490.000,0.000,Paid
BILL/2026/01/0014,Intercompany Transfers,2026-01-13,2026-01-13,,,-525.000,-525.000,0.000,Paid
BILL/2026/01/0013,Misc JV,2026-01-12,2026-01-12,,,"-5,000.000","-5,000.000",0.000,Paid
BILL/2026/01/0030,Bank Fees,2026-01-11,2026-01-11,,,-0.250,-0.250,0.000,Paid
BILL/2026/01/0044,Misc JV,2026-01-08,2026-01-08,,,-495.000,-495.000,-495.000,Cancelled
BILL/2026/01/0032,Bank Fees,2026-01-08,2026-01-08,,,-5.000,-5.000,0.000,Paid
BILL/2026/01/0031,Deema Fawaz AlAdwani,2026-01-08,2026-01-08,,,-495.000,-495.000,0.000,Paid
BILL/2026/01/0012,Misc JV,2026-01-08,2026-01-08,,,"-5,000.000","-5,000.000",0.000,Paid
BILL/2026/01/0037,Intercompany Transfers,2026-01-07,2026-09-17,,,"-7,500.000","-7,500.000",0.000,Paid
BILL/2026/01/0011,Misc JV,2026-01-07,2026-01-07,,,-460.000,-460.000,0.000,Paid
BILL/2026/01/0009,Suspense JV,2026-01-07,2026-01-07,,,-522.000,-522.000,0.000,Paid
BILL/2026/01/0038,Bank Fees,2026-01-04,2026-01-04,,,-20.000,-20.000,0.000,Paid
BILL/2026/01/0036,Bank Fees,2026-01-04,2026-09-17,,,-20.000,-20.000,0.000,Paid
BILL/2026/01/0008,Intercompany Transfers,2026-01-04,2026-01-04,,,-400.000,-400.000,0.000,Paid
BILL/2026/01/0007,Intercompany Transfers,2026-01-04,2026-01-04,,,-400.000,-400.000,0.000,Paid
BILL/2026/01/0006,Intercompany Transfers,2026-01-04,2026-01-04,,,-29.145,-29.145,0.000,Paid
BILL/2026/01/0005,Suspense JV,2026-01-04,2026-01-04,,,-500.000,-500.000,0.000,Paid
BILL/2026/01/0004,Suspense JV,2026-01-04,2026-01-04,,,-556.000,-556.000,0.000,Paid
BILL/2026/01/0003,Rental JV,2026-01-03,2026-01-03,,,"-5,300.000","-5,300.000",0.000,Paid
BILL/2026/01/0043,Intercompany Transfers,2026-01-01,2026-01-01,,,"-2,363.000","-2,363.000",0.000,Paid
BILL/2026/01/0040,Intercompany Transfers,2026-01-01,2026-01-01,,,-400.000,-400.000,0.000,Paid
BILL/2026/01/0033,Ali Bahaa,2026-01-01,2026-01-01,,,-692.150,-692.150,0.000,Paid
BILL/2026/01/0002,Misc JV,2026-01-01,2026-01-01,,,"-2,000.000","-2,000.000",0.000,Paid
BILL/2026/01/0001,Staff Expenses JV,2026-01-01,2026-01-01,,,"-4,761.680","-4,761.680",0.000,Paid
BILL/2025/12/0058,Staff Expenses JV,2025-12-31,2025-12-31,,1225,"-7,984.500","-7,984.500",0.000,Paid
BILL/2025/12/0048,Bank Fees,2025-12-31,2026-12-31,,,-61.250,-61.250,0.000,Paid
BILL/2025/12/0031,Misc JV,2025-12-31,2025-12-31,,,-408.000,-408.000,0.000,Paid
BILL/2025/12/0030,Misc JV,2025-12-31,2025-12-31,,,-449.000,-449.000,0.000,Paid
BILL/2025/12/0029,Misc JV,2025-12-31,2025-12-31,,,-123.000,-123.000,0.000,Paid
BILL/2025/12/0028,Misc JV,2025-12-31,2025-12-31,,,-250.000,-250.000,0.000,Paid
BILL/2025/12/0022,Misc JV,2025-12-24,2025-12-24,,,-30.000,-30.000,0.000,Paid
BILL/2025/12/0027,Misc JV,2025-12-30,2025-12-30,,,-14.000,-14.000,0.000,Paid
BILL/2025/12/0047,Intercompany Transfers,2025-12-28,2025-12-28,,,"-2,500.000","-2,500.000",0.000,Paid
BILL/2025/12/0026,Misc JV,2025-12-28,2025-12-28,,,-24.000,-24.000,0.000,Paid
BILL/2025/12/0025,Misc JV,2025-12-28,2025-12-28,,,-585.000,-585.000,0.000,Paid
BILL/2025/12/0046,Intercompany Transfers,2025-12-24,2025-12-24,,,-350.000,-350.000,0.000,Paid
BILL/2025/12/0024,Misc JV,2025-12-24,2025-12-24,,,-200.000,-200.000,0.000,Paid
BILL/2025/12/0023,Misc JV,2025-12-24,2025-12-24,,,-675.000,-675.000,0.000,Paid
BILL/2025/12/0021,Rental JV,2025-12-23,2025-12-23,,,-280.000,-280.000,0.000,Paid
BILL/2025/12/0020,Misc JV,2025-12-23,2025-12-23,,,-150.000,-150.000,0.000,Paid
BILL/2025/12/0066,Ali Bahaa,2025-12-22,2025-12-22,,Ali Bahaa,-122.000,-122.000,0.000,Paid
BILL/2025/12/0065,Ali Bahaa,2025-12-22,2025-12-22,,Ali Bahaa,-190.000,-190.000,0.000,Paid
BILL/2025/12/0045,Intercompany Transfers,2025-12-21,2025-12-21,,,"-1,800.000","-1,800.000",0.000,Paid
BILL/2025/12/0019,Misc JV,2025-12-21,2025-12-21,,,-370.000,-370.000,0.000,Paid
BILL/2025/12/0018,Misc JV,2025-12-19,2025-12-19,,,-16.300,-16.300,0.000,Paid
BILL/2025/12/0017,Misc JV,2025-12-19,2025-12-19,,,-25.540,-25.540,0.000,Paid
BILL/2025/12/0044,Intercompany Transfers,2025-12-18,2025-12-18,,,-240.000,-240.000,0.000,Paid
BILL/2025/12/0043,Intercompany Transfers,2025-12-18,2025-12-18,,,-500.000,-500.000,0.000,Paid
BILL/2025/12/0016,Misc JV,2025-12-18,2025-12-18,,,-307.000,-307.000,0.000,Paid
BILL/2025/12/0064,Ali Bahaa,2025-12-16,2025-12-16,,Ali Bahaa,-710.500,-710.500,0.000,Paid
BILL/2025/12/0063,Ali Bahaa,2025-12-16,2025-12-16,,Ali Bahaa,-50.500,-50.500,0.000,Paid
BILL/2025/12/0042,Intercompany Transfers,2025-12-16,2025-12-16,,,-245.000,-245.000,0.000,Paid
BILL/2025/12/0015,Misc JV,2025-12-16,2025-12-16,,,-5.000,-5.000,0.000,Paid
BILL/2025/12/0062,Ali Bahaa,2025-12-11,2025-12-11,,Ali Bahaa,-151.000,-151.000,0.000,Paid
BILL/2025/12/0059,Intercompany Transfers,2025-12-11,2026-09-17,,,"-2,000.000","-2,000.000",0.000,Paid
BILL/2025/12/0041,Bank Fees,2025-12-11,2025-12-11,,,-5.000,-5.000,0.000,Paid
BILL/2025/12/0040,Misc JV,2025-12-11,2025-12-11,,,"-3,713.678","-3,713.678",0.000,Paid
BILL/2025/12/0014,Misc JV,2025-12-10,2025-12-10,,,-300.000,-300.000,0.000,Paid
BILL/2025/12/0013,Misc JV,2025-12-10,2025-12-10,,,-38.000,-38.000,0.000,Paid
BILL/2025/12/0012,Misc JV,2025-12-10,2025-12-10,,,-500.000,-500.000,0.000,Paid
BILL/2025/12/0039,Intercompany Transfers,2025-12-09,2025-12-09,,,"-3,371.000","-3,371.000",0.000,Paid
BILL/2025/12/0011,Misc JV,2025-12-09,2025-12-09,,,-84.000,-84.000,0.000,Paid
BILL/2025/12/0010,SPA AND MORE FOR GENERAL TRADING COMPANY WLL,2025-12-09,2025-12-09,,,"-2,000.000","-2,000.000","-2,000.000",Cancelled
BILL/2025/12/0009,Misc JV,2025-12-09,2025-12-09,,,-493.275,-493.275,0.000,Paid
BILL/2025/12/0061,Ali Bahaa,2025-12-08,2025-12-08,,Ali Bahaa,-408.000,-408.000,0.000,Paid
BILL/2025/12/0008,Misc JV,2025-12-08,2025-12-08,,,-250.000,-250.000,0.000,Paid
BILL/2025/12/0007,Misc JV,2025-12-08,2025-12-08,,,-307.000,-307.000,0.000,Paid
BILL/2025/12/0006,Misc JV,2025-12-08,2025-12-08,,,-200.000,-200.000,0.000,Paid
BILL/2025/12/0005,Misc JV,2025-12-08,2025-12-08,,,-120.000,-120.000,0.000,Paid
BILL/2025/12/0038,Intercompany Transfers,2025-12-04,2025-12-04,,,-800.000,-800.000,0.000,Paid
BILL/2025/12/0060,Ali Bahaa,2025-12-03,2025-12-03,,Ali Bahaa,-300.000,-300.000,0.000,Paid
BILL/2025/12/0037,Intercompany Transfers,2025-12-03,2025-12-03,,,-500.000,-500.000,0.000,Paid
BILL/2025/12/0050,Intercompany Transfers,2025-12-02,2025-12-02,,,"-6,180.000","-6,180.000",0.000,Paid
BILL/2025/12/0036,Intercompany Transfers,2025-12-02,2025-12-02,,,"-1,980.000","-1,980.000",0.000,Paid
BILL/2025/12/0035,Intercompany Transfers,2025-12-02,2025-12-02,,,"-2,363.000","-2,363.000",0.000,Paid
BILL/2025/12/0034,Intercompany Transfers,2025-12-02,2025-12-02,,,"-1,100.000","-1,100.000",0.000,Paid
BILL/2025/12/0004,Rental JV,2025-12-02,2025-12-02,,,"-5,300.000","-5,300.000",0.000,Paid
BILL/2025/12/0003,Misc JV,2025-12-02,2025-12-02,,,-400.000,-400.000,0.000,Paid
BILL/2025/12/0002,Misc JV,2025-12-02,2025-12-02,,,-800.000,-800.000,0.000,Paid
BILL/2025/12/0001,Misc JV,2025-12-02,2025-12-02,,,-800.000,-800.000,0.000,Paid
BILL/2025/12/0049,Bank Fees,2025-12-01,2025-12-01,,,-20.000,-20.000,0.000,Paid
BILL/2025/12/0033,Intercompany Transfers,2025-12-01,2025-12-01,,,"-6,513.000","-6,513.000",0.000,Paid
BILL/2025/12/0032,Bank Fees,2025-12-01,2025-12-01,,,-20.000,-20.000,0.000,Paid
BILL/2025/11/0011,Staff Expenses JV,2025-11-30,2025-11-30,,1125,"-6,558.100","-6,558.100",0.000,Paid
BILL/2025/11/0005,Bank Fees,2025-11-11,2026-11-30,,,-54.750,-54.750,0.000,Paid
BILL/2025/11/0014,Ali Bahaa,2025-11-11,2025-11-11,,Ali Bahaa,-81.500,-81.500,0.000,Paid
BILL/2025/11/0013,Ali Bahaa,2025-11-05,2025-11-05,,Ali Bahaa,-54.985,-54.985,0.000,Paid
BILL/2025/11/0007,Intercompany Transfers,2025-11-04,2025-11-04,,,"-2,747.000","-2,747.000",0.000,Paid
BILL/2025/11/0012,Ali Bahaa,2025-11-03,2025-11-03,,Ali Bahaa,-91.500,-91.500,0.000,Paid
BILL/2025/11/0004,Intercompany Transfers,2025-11-03,2025-11-03,,,"-20,319.850","-20,319.850",0.000,Paid
BILL/2025/11/0003,Intercompany Transfers,2025-11-03,2025-11-03,,,-885.000,-885.000,0.000,Paid
BILL/2025/11/0002,Intercompany Transfers,2025-11-03,2025-11-03,,,"-5,280.000","-5,280.000",0.000,Paid
BILL/2025/11/0006,Bank Fees,2025-11-02,2025-11-02,,,-20.000,-20.000,0.000,Paid
BILL/2025/11/0001,Bank Fees,2025-11-02,2025-11-02,,,-20.000,-20.000,0.000,Paid
BILL/2025/10/0014,Staff Expenses JV,2025-10-31,2025-10-31,,1025,"-5,604.000","-5,604.000",0.000,Paid
BILL/2025/10/0008,Bank Fees,2025-10-31,2026-10-31,,,-37.750,-37.750,0.000,Paid
BILL/2025/10/0018,Ali Bahaa,2025-10-23,2025-10-23,,Ali Bahaa,-246.970,-246.970,0.000,Paid
BILL/2025/10/0017,Ali Bahaa,2025-10-22,2025-10-22,,Ali Bahaa,-10.000,-10.000,0.000,Paid
BILL/2025/10/0016,Ali Bahaa,2025-10-11,2025-10-11,,Ali Bahaa,-455.000,-455.000,0.000,Paid
BILL/2025/10/0015,Intercompany Transfers,2025-10-05,2026-09-17,,,-850.000,-850.000,0.000,Paid
BILL/2025/10/0010,Intercompany Transfers,2025-10-05,2025-10-05,,,"-1,720.000","-1,720.000",0.000,Paid
BILL/2025/10/0007,Intercompany Transfers,2025-10-03,2025-10-03,,,"-16,253.000","-16,253.000",0.000,Paid
BILL/2025/10/0006,Intercompany Transfers,2025-10-03,2025-10-03,,,"-2,500.000","-2,500.000",0.000,Paid
BILL/2025/10/0003,Misc JV,2025-10-03,2025-10-03,,,-700.000,-700.000,0.000,Paid
BILL/2025/10/0002,Misc JV,2025-10-03,2025-10-03,,,-800.000,-800.000,0.000,Paid
BILL/2025/10/0001,Misc JV,2025-10-03,2025-10-03,,,-500.000,-500.000,0.000,Paid
BILL/2025/10/0009,Bank Fees,2025-10-01,2025-10-01,,,-20.000,-20.000,0.000,Paid
BILL/2025/10/0005,Intercompany Transfers,2025-10-01,2025-10-01,,,-215.000,-215.000,0.000,Paid
BILL/2025/10/0004,Bank Fees,2025-10-01,2025-10-01,,,-20.000,-20.000,0.000,Paid
BILL/2025/09/0009,Staff Expenses JV,2025-09-30,2025-09-30,,0925,"-4,247.000","-4,247.000",0.000,Paid
BILL/2025/09/0006,Bank Fees,2025-09-30,2026-09-30,,,-13.250,-13.250,0.000,Paid
BILL/2025/09/0005,Intercompany Transfers,2025-09-08,2025-09-08,,,"-6,315.000","-6,315.000",0.000,Paid
BILL/2025/09/0008,Intercompany Transfers,2025-09-04,2025-09-04,,,-460.000,-460.000,0.000,Paid
BILL/2025/09/0004,Bank Fees,2025-09-04,2025-09-04,,,-27.055,-27.055,0.000,Paid
BILL/2025/09/0003,Intercompany Transfers,2025-09-04,2025-09-04,,,"-3,800.000","-3,800.000",0.000,Paid
BILL/2025/09/0001,Intercompany Transfers,2025-09-04,2025-09-04,,,-500.000,-500.000,0.000,Paid
BILL/2025/09/0007,Bank Fees,2025-09-01,2025-09-01,,,-20.000,-20.000,0.000,Paid
BILL/2025/09/0002,Bank Fees,2025-09-01,2025-09-01,,,-20.000,-20.000,0.000,Paid
BILL/2025/08/0003,Staff Expenses JV,2025-08-31,2025-08-31,,0825,"-1,805.000","-1,805.000",0.000,Paid
BILL/2025/08/0002,Bank Fees,2025-08-03,2025-08-03,,,-50.000,-50.000,0.000,Paid
BILL/2025/08/0001,Bank Fees,2025-08-03,2025-08-03,,,-50.000,-50.000,0.000,Paid
BILL/2025/07/0003,SPA AND MORE FOR GENERAL TRADING COMPANY WLL,2025-07-16,2026-01-07,,2025006337,"-18,050.000","-18,050.000","-14,500.000",Partially Paid
BILL/2025/07/0002,SPA AND MORE FOR GENERAL TRADING COMPANY WLL,2025-07-16,2026-09-19,,2025006336,"-3,800.000","-3,800.000",0.000,Paid
BILL/2025/07/0001,SPA AND MORE FOR GENERAL TRADING COMPANY WLL,2025-07-16,2026-03-07,,2025006335,"-6,650.000","-6,650.000",0.000,Paid