Date,Number,Partner,Reference,Journal,Total Signed,Status
2026-09-19,BILL/2026/09/0009,Partners JV,Sara,Purchases,-175.500,Posted
2026-09-19,BILL/2026/09/0008,Partners JV,Sara,Purchases,-280.000,Posted
2026-09-19,BILL/2026/09/0007,Partners JV,Sara,Purchases,-293.740,Posted
2026-09-19,BILL/2026/09/0006,Partners JV,Sara,Purchases,-673.000,Posted
2026-09-19,BILL/2026/09/0005,Partners JV,Sara,Purchases,-510.000,Posted
2026-09-19,BILL/2026/09/0004,Partners JV,Sara,Purchases,-25.000,Posted
2026-09-19,BILL/2026/09/0003,Partners JV,Sara,Purchases,-319.400,Posted
2026-09-19,BILL/2026/09/0002,Partners JV,Sara,Purchases,-348.000,Posted
2026-09-19,BILL/2026/09/0001,Partners JV,Fahad,Purchases,-300.000,Posted
2026-09-17,PBNK3/2026/00005,Bank Fees,BILL/2025/12/0049,Bank-8003,0.000,Posted
2026-09-17,PBNK1/2026/00015,Intercompany Transfers,BILL/2025/11/0002,Bank-8002,0.000,Posted
2026-09-17,INV/2026/00010,Sales JV,,Sales,0.000,Posted
2026-09-14,PBNK1/2026/00239,Ali Bahaa,BILL/2026/01/0034,Bank-8001,0.000,Posted
2026-09-13,PBNK1/2026/00202,Misc JV,BILL/2026/01/0002,Bank-8001,0.000,Posted
2026-08-31,MISC/2026/08/0002,Deema Fawaz AlAdwani,Carpentary Work: Depreciation,Miscellaneous Operations,18.700,Posted
2026-08-31,MISC/2026/08/0001,Deema Fawaz AlAdwani,Curtains: Depreciation,Miscellaneous Operations,13.750,Posted
2026-08-31,BILL/2026/08/0008,Partners JV,Sara,Purchases,-878.500,Posted
2026-08-31,BILL/2026/08/0007,Partners JV,Sara,Purchases,-400.250,Posted
2026-08-31,BILL/2026/08/0006,Partners JV,Sara,Purchases,-2.880,Posted
2026-08-31,BILL/2026/08/0005,Partners JV,Sara,Purchases,-160.000,Posted
2026-08-31,BILL/2026/08/0004,Partners JV,Sara,Purchases,-112.500,Posted
2026-08-31,BILL/2026/08/0003,Partners JV,Sara,Purchases,-119.000,Posted
2026-08-31,BILL/2026/08/0002,Partners JV,Sara,Purchases,-363.500,Posted
2026-08-31,BILL/2026/08/0001,Partners JV,Fahad,Purchases,-145.000,Posted
2026-08-01,PCSH3/2026/00009,Staff Expenses JV,0726,Cash-Fahad,"14,055.500",Posted
2026-07-31,PCSH4/2026/00021,Partners JV,Sara,Cash-Sara,560.900,Posted
2026-07-31,PCSH4/2026/00020,Partners JV,Sara,Cash-Sara,85.000,Posted
2026-07-31,PCSH4/2026/00019,Partners JV,Sara,Cash-Sara,108.000,Posted
2026-07-31,PCSH4/2026/00018,Partners JV,Sara,Cash-Sara,74.600,Posted
2026-07-31,PCSH4/2026/00017,Partners JV,Sara,Cash-Sara,35.060,Posted
2026-07-31,PCSH4/2026/00016,Partners JV,Sara,Cash-Sara,43.750,Posted
2026-07-31,PCSH4/2026/00015,Partners JV,Sara,Cash-Sara,363.500,Posted
2026-07-31,PCSH4/2026/00014,Partners JV,Sara,Cash-Sara,119.000,Posted
2026-07-31,PCSH4/2026/00013,Partners JV,Sara,Cash-Sara,112.500,Posted
2026-07-31,PCSH4/2026/00012,Partners JV,Sara,Cash-Sara,160.000,Posted
2026-07-31,PCSH4/2026/00011,Partners JV,Sara,Cash-Sara,2.880,Posted
2026-07-31,PCSH4/2026/00010,Partners JV,Sara,Cash-Sara,400.250,Posted
2026-07-31,PCSH4/2026/00009,Partners JV,Sara,Cash-Sara,878.500,Posted
2026-07-31,PCSH4/2026/00008,Partners JV,Sara,Cash-Sara,348.000,Posted
2026-07-31,PCSH4/2026/00007,Partners JV,Sara,Cash-Sara,319.400,Posted
2026-07-31,PCSH4/2026/00006,Partners JV,Sara,Cash-Sara,25.000,Posted
2026-07-31,PCSH4/2026/00005,Partners JV,Sara,Cash-Sara,510.000,Posted
2026-07-31,PCSH4/2026/00004,Partners JV,Sara,Cash-Sara,673.000,Posted
2026-07-31,PCSH4/2026/00003,Partners JV,Sara,Cash-Sara,293.740,Posted
2026-07-31,PCSH4/2026/00002,Partners JV,Sara,Cash-Sara,280.000,Posted
2026-07-31,PCSH4/2026/00001,Partners JV,Sara,Cash-Sara,175.500,Posted
2026-07-31,PCSH3/2026/00010,Partners JV,Fahad,Cash-Fahad,"42,450.000",Posted
2026-07-31,PBNK3/2026/00030,Sales JV,INV/2026/00009,Bank-8003,"19,404.350",Posted
2026-07-31,PBNK1/2026/00098,Bank Fees,BILL/2026/07/0040,Bank-8002,10.500,Posted
2026-07-31,PBNK1/2026/00097,Sales JV,INV/2026/00008,Bank-8002,"3,836.146",Posted
2026-07-31,PBNK1/2026/00096,Bank Fees,BILL/2026/07/0040,Bank-8002,100.250,Posted
2026-07-31,MISC/2026/07/0007,,Deferred Revenue Adjustments,Miscellaneous Operations,"30,924.000",Posted
2026-07-31,MISC/2026/07/0006,,Depreciation for the Year,Miscellaneous Operations,"5,700.000",Posted
2026-07-31,MISC/2026/07/0004,,Inventory Valuation Adjustment,Miscellaneous Operations,"3,221.000",Posted
2026-07-31,MISC/2026/07/0003,,leave and Indemnity for the month,Miscellaneous Operations,999.743,Posted
2026-07-31,MISC/2026/07/0002,Deema Fawaz AlAdwani,Carpentary Work: Depreciation,Miscellaneous Operations,18.700,Posted
2026-07-31,MISC/2026/07/0001,Deema Fawaz AlAdwani,Curtains: Depreciation,Miscellaneous Operations,13.750,Posted
2026-07-31,INV/2026/00009,Sales JV,,Sales,"19,404.350",Posted
2026-07-31,BILL/2026/07/0040,Bank Fees,,Purchases,-110.750,Posted
2026-07-31,BILL/2026/07/0035,Staff Expenses JV,0726,Purchases,"-14,055.500",Posted
2026-07-31,BILL/2026/07/0028,Blue Diamond plus Co.,0194,Purchases,-226.840,Posted
2026-07-30,PCSH1/2026/00022,Deema Fawaz AlAdwani,BILL/2026/07/0034,Cash-Deema,458.900,Posted
2026-07-30,PBNK1/2026/00065,ArtVision,BILL/2026/07/0027,Bank-8001,"3,000.000",Posted
2026-07-29,PBNK1/2026/00266,Deema Fawaz AlAdwani,BILL/2026/07/0034,Bank-8001,0.000,Posted
2026-07-29,PBNK1/2026/00064,ArtVision,BILL/2026/07/0027,Bank-8001,"3,090.000",Posted
2026-07-28,PBNK1/2026/00063,ArtVision,BILL/2026/07/0027,Bank-8001,"2,317.000",Posted
2026-07-28,BILL/2026/07/0027,ArtVision,,Purchases,"-8,407.000",Posted
2026-07-27,PBNK3/2026/00032,Intercompany Transfers,BILL/2026/07/0037,Bank-8003,"16,500.000",Posted
2026-07-27,PBNK1/2026/00095,Intercompany Transfers,BILL/2026/07/0039,Bank-8002,"36,140.000",Posted
2026-07-27,PBNK1/2026/00062,Marketing JV,BILL/2026/07/0026,Bank-8001,640.000,Posted
2026-07-27,PBNK1/2026/00061,ArtVision,BILL/2026/07/0025,Bank-8001,709.000,Posted
2026-07-27,BILL/2026/07/0039,Intercompany Transfers,,Purchases,"-36,140.000",Posted
2026-07-27,BILL/2026/07/0037,Intercompany Transfers,,Purchases,"-16,500.000",Posted
2026-07-27,BILL/2026/07/0034,Deema Fawaz AlAdwani,,Purchases,-458.900,Posted
2026-07-27,BILL/2026/07/0026,Marketing JV,,Purchases,-640.000,Posted
2026-07-27,BILL/2026/07/0025,ArtVision,,Purchases,-709.000,Posted
2026-07-26,PCSH1/2026/00021,Deema Fawaz AlAdwani,BILL/2026/07/0033,Cash-Deema,334.900,Posted
2026-07-26,PBNK1/2026/00265,Deema Fawaz AlAdwani,BILL/2026/07/0033,Bank-8001,0.000,Posted
2026-07-26,MISC2/2026/07/0004,,,Interncompany Transfers,"32,500.000",Posted
2026-07-22,PBNK1/2026/00060,Staff Expenses JV,BILL/2026/07/0024,Bank-8001,307.612,Posted
2026-07-22,PBNK1/2026/00059,ArtVision,BILL/2026/07/0023,Bank-8001,"2,325.000",Posted
2026-07-22,MISC2/2026/07/0003,,,Interncompany Transfers,"7,500.000",Posted
2026-07-22,BILL/2026/07/0024,Staff Expenses JV,,Purchases,-307.612,Posted
2026-07-21,PBNK1/2026/00058,ArtVision,BILL/2026/07/0023,Bank-8001,"3,000.000",Posted
2026-07-21,PBNK1/2026/00057,ArtVision,BILL/2026/07/0023,Bank-8001,0.000,Posted
2026-07-21,PBNK1/2026/00056,Deema Fawaz AlAdwani,BILL/2026/07/0022,Bank-8001,"1,000.000",Posted
2026-07-21,BILL/2026/07/0023,ArtVision,,Purchases,"-5,325.000",Posted
2026-07-21,BILL/2026/07/0022,Deema Fawaz AlAdwani,,Purchases,"-1,000.000",Posted
2026-07-20,PBNK1/2026/00264,Deema Fawaz AlAdwani,BILL/2026/07/0032,Bank-8001,0.000,Posted
2026-07-20,PBNK1/2026/00055,Rental JV,BILL/2026/07/0021,Bank-8001,450.000,Posted
2026-07-20,PBNK1/2026/00054,ArtVision,BILL/2026/07/0020,Bank-8001,"7,663.000",Posted
2026-07-20,BILL/2026/07/0021,Rental JV,,Purchases,-450.000,Posted
2026-07-19,PCSH2/2026/00019,Deema Fawaz AlAdwani,BILL/2026/07/0032,Cash-Ali,430.000,Posted
2026-07-19,PCSH2/2026/00018,Deema Fawaz AlAdwani,BILL/2026/07/0032,Cash-Ali,0.000,Posted
2026-07-19,PBNK1/2026/00053,ArtVision,BILL/2026/07/0020,Bank-8001,"6,500.000",Posted
2026-07-19,BILL/2026/07/0033,Deema Fawaz AlAdwani,,Purchases,-334.900,Posted
2026-07-19,BILL/2026/07/0020,ArtVision,,Purchases,"-14,163.000",Posted
2026-07-18,PCSH1/2026/00020,Deema Fawaz AlAdwani,BILL/2026/07/0032,Cash-Deema,101.000,Posted
2026-07-17,PBNK1/2026/00052,Marketing JV,BILL/2026/07/0019,Bank-8001,639.000,Posted
2026-07-17,BILL/2026/07/0019,Marketing JV,,Purchases,-639.000,Posted
2026-07-16,PBNK1/2026/00051,ArtVision,BILL/2026/07/0018,Bank-8001,"1,380.000",Posted
2026-07-16,MISC2/2026/07/0006,,Intercompany Entries,Interncompany Transfers,"22,000.000",Posted
2026-07-15,PCSH2/2026/00017,Deema Fawaz AlAdwani,BILL/2026/07/0031,Cash-Ali,35.700,Posted
2026-07-15,PCSH2/2026/00016,Deema Fawaz AlAdwani,BILL/2026/07/0031,Cash-Ali,0.000,Posted
2026-07-15,PBNK1/2026/00050,ArtVision,BILL/2026/07/0018,Bank-8001,236.500,Posted
2026-07-15,BILL/2026/07/0032,Deema Fawaz AlAdwani,,Purchases,-531.000,Posted
2026-07-14,PBNK1/2026/00049,ArtVision,BILL/2026/07/0018,Bank-8001,"2,227.000",Posted
2026-07-14,BILL/2026/07/0018,ArtVision,,Purchases,"-3,843.500",Posted
2026-07-13,PCSH1/2026/00019,Deema Fawaz AlAdwani,BILL/2026/07/0031,Cash-Deema,245.000,Posted
2026-07-13,PBNK1/2026/00263,Deema Fawaz AlAdwani,BILL/2026/07/0031,Bank-8001,0.000,Posted
2026-07-13,MISC2/2026/07/0002,,,Interncompany Transfers,"2,500.000",Posted
2026-07-12,PBNK1/2026/00048,ArtVision,BILL/2026/07/0017,Bank-8001,325.000,Posted
2026-07-12,PBNK1/2026/00047,Marketing JV,BILL/2026/07/0016,Bank-8001,100.000,Posted
2026-07-12,BILL/2026/07/0017,ArtVision,,Purchases,-325.000,Posted
2026-07-12,BILL/2026/07/0016,Marketing JV,,Purchases,-100.000,Posted
2026-07-09,PCSH2/2026/00015,Deema Fawaz AlAdwani,BILL/2026/07/0030,Cash-Ali,134.750,Posted
2026-07-09,PCSH1/2026/00018,Deema Fawaz AlAdwani,BILL/2026/07/0030,Cash-Deema,28.750,Posted
2026-07-09,PBNK1/2026/00262,Deema Fawaz AlAdwani,BILL/2026/07/0030,Bank-8001,0.000,Posted
2026-07-09,PBNK1/2026/00046,ArtVision,BILL/2026/07/0015,Bank-8001,"5,000.000",Posted
2026-07-09,PBNK1/2026/00045,Deema Fawaz AlAdwani,BILL/2026/07/0014,Bank-8001,"1,000.000",Posted
2026-07-09,PBNK1/2026/00044,Mohammad SM Alzuabi,BILL/2026/07/0013,Bank-8001,"18,500.000",Posted
2026-07-09,PBNK1/2026/00043,Rental JV,BILL/2026/07/0012,Bank-8001,"3,150.000",Posted
2026-07-09,PBNK1/2026/00042,ArtVision,BILL/2026/07/0011,Bank-8001,"2,000.000",Posted
2026-07-09,BILL/2026/07/0031,Deema Fawaz AlAdwani,,Purchases,-280.700,Posted
2026-07-09,BILL/2026/07/0030,Deema Fawaz AlAdwani,,Purchases,-163.500,Posted
2026-07-09,BILL/2026/07/0015,ArtVision,,Purchases,"-5,000.000",Posted
2026-07-09,BILL/2026/07/0014,Deema Fawaz AlAdwani,,Purchases,"-1,000.000",Posted
2026-07-09,BILL/2026/07/0013,Mohammad SM Alzuabi,,Purchases,"-18,500.000",Posted
2026-07-09,BILL/2026/07/0012,Rental JV,,Purchases,"-3,150.000",Posted
2026-07-08,PCSH1/2026/00017,Deema Fawaz AlAdwani,BILL/2026/07/0029,Cash-Deema,490.820,Posted
2026-07-08,PBNK1/2026/00041,ArtVision,BILL/2026/07/0011,Bank-8001,"2,000.000",Posted
2026-07-08,PBNK1/2026/00040,Rental JV,BILL/2026/07/0010,Bank-8001,"2,150.000",Posted
2026-07-08,BILL/2026/07/0011,ArtVision,,Purchases,"-4,000.000",Posted
2026-07-08,BILL/2026/07/0010,Rental JV,,Purchases,"-2,150.000",Posted
2026-07-07,PBNK1/2026/00261,Deema Fawaz AlAdwani,BILL/2026/07/0029,Bank-8001,0.000,Posted
2026-07-07,PBNK1/2026/00039,Marketing JV,BILL/2026/07/0009,Bank-8001,640.000,Posted
2026-07-07,PBNK1/2026/00038,Al Babtain Co.,BILL/2026/07/0008,Bank-8001,"9,200.000",Posted
2026-07-07,BILL/2026/07/0009,Marketing JV,,Purchases,-640.000,Posted
2026-07-07,BILL/2026/07/0008,Al Babtain Co.,,Purchases,"-36,812.000",Posted
2026-07-05,RBILL/2026/07/0001,BIN NISF GENERAL TRADING & CONT. CO.,"Reversal of: BILL/2026/06/0029, Trolly Returned",Purchases,104.000,Posted
2026-07-05,PBNK1/2026/00273,BIN NISF GENERAL TRADING & CONT. CO.,"Reversal of: BILL/2026/06/0029, Trolly Returned",Bank-8001,104.000,Posted
2026-07-05,PBNK1/2026/00272,SPA AND MORE FOR GENERAL TRADING COMPANY WLL,BILL/2026/07/0007,Bank-8001,325.000,Posted
2026-07-05,PBNK1/2026/00032,SPA AND MORE FOR GENERAL TRADING COMPANY WLL,BILL/2026/07/0007,Bank-8001,"2,000.000",Posted
2026-07-05,BILL/2026/07/0007,SPA AND MORE FOR GENERAL TRADING COMPANY WLL,,Purchases,-325.000,Posted
2026-07-04,PBNK1/2026/00037,ArtVision,BILL/2026/07/0006,Bank-8001,"1,120.000",Posted
2026-07-04,BILL/2026/07/0029,Deema Fawaz AlAdwani,,Purchases,-490.820,Posted
2026-07-04,BILL/2026/07/0006,ArtVision,,Purchases,"-1,120.000",Posted
2026-07-03,PBNK4/2026/00012,Sales JV,INV/2026/00017,Bank-8004,0.009,Posted
2026-07-03,MISC/2026/07/0005,,Profit received,Miscellaneous Operations,0.143,Posted
2026-07-03,INV/2026/00017,Sales JV,,Sales,2.150,Posted
2026-07-03,BILL/2026/07/0041,Bank Fees,,Purchases,"-2,864.643",Posted
2026-07-02,PCSH1/2026/00016,Deema Fawaz AlAdwani,BILL/2026/05/0043,Cash-Deema,334.120,Posted
2026-07-02,PBNK1/2026/00036,Rental JV,BILL/2026/07/0005,Bank-8001,165.000,Posted
2026-07-02,PBNK1/2026/00035,Marketing JV,BILL/2026/07/0004,Bank-8001,250.000,Posted
2026-07-02,PBNK1/2026/00034,ArtVision,BILL/2026/07/0003,Bank-8001,"1,000.000",Posted
2026-07-02,BILL/2026/07/0005,Rental JV,,Purchases,-165.000,Posted
2026-07-02,BILL/2026/07/0004,Marketing JV,,Purchases,-250.000,Posted
2026-07-02,BILL/2026/07/0003,ArtVision,,Purchases,"-1,000.000",Posted
2026-07-01,PCSH3/2026/00011,Staff Expenses JV,0626,Cash-Fahad,"13,931.000",Posted
2026-07-01,PBNK3/2026/00031,Bank Fees,BILL/2026/07/0036,Bank-8003,20.000,Posted
2026-07-01,PBNK1/2026/00094,Bank Fees,BILL/2026/07/0038,Bank-8002,20.000,Posted
2026-07-01,PBNK1/2026/00033,Staff Expenses JV,BILL/2026/07/0001,Bank-8001,"13,989.000",Posted
2026-07-01,PBNK1/2026/00031,Deema Fawaz AlAdwani,BILL/2026/07/0002,Bank-8001,"1,000.000",Posted
2026-07-01,PBNK1/2026/00022,Sales JV,INV/2026/00008,Bank-8002,"38,161.269",Posted
2026-07-01,INV/2026/00008,Sales JV,BBYN-02,Sales,"41,997.415",Posted
2026-07-01,BILL/2026/07/0038,Bank Fees,,Purchases,-20.000,Posted
2026-07-01,BILL/2026/07/0036,Bank Fees,,Purchases,-20.000,Posted
2026-07-01,BILL/2026/07/0002,Deema Fawaz AlAdwani,,Purchases,"-1,000.000",Posted
2026-06-30,PBNK3/2026/00029,Intercompany Transfers,BILL/2026/06/0063,Bank-8003,"4,050.000",Posted
2026-06-30,PBNK3/2026/00025,Sales JV,INV/2026/00011,Bank-8003,"17,218.908",Posted
2026-06-30,PBNK1/2026/00021,GULF SYSTEMS COMPUTER CO. WLL,BILL/2026/06/0022,Bank-8001,"1,495.000",Posted
2026-06-30,MISC2/2026/06/0010,,Fund Received from Fahad Fawaz Fahad,Interncompany Transfers,"50,000.000",Posted
2026-06-30,MISC2/2026/06/0005,,InterCompany Transfers,Interncompany Transfers,"9,100.000",Posted
2026-06-30,MISC/2026/06/0003,,leave and Indemnity for the month,Miscellaneous Operations,999.743,Posted
2026-06-30,MISC/2026/06/0002,Deema Fawaz AlAdwani,Carpentary Work: Depreciation,Miscellaneous Operations,12.467,Posted
2026-06-30,MISC/2026/06/0001,Deema Fawaz AlAdwani,Curtains: Depreciation,Miscellaneous Operations,9.167,Posted
2026-06-30,INV/2026/00011,Sales JV,,Sales,"17,218.908",Posted
2026-06-30,BILL/2026/06/0063,Intercompany Transfers,,Purchases,"-4,050.000",Posted
2026-06-30,BILL/2026/06/0059,Partners JV,Fahad,Purchases,-60.000,Posted
2026-06-30,BILL/2026/06/0058,Partners JV,Fahad,Purchases,"-1,000.000",Posted
2026-06-30,BILL/2026/06/0057,Partners JV,Fahad,Purchases,-250.000,Posted
2026-06-30,BILL/2026/06/0056,Partners JV,Fahad,Purchases,"-1,500.000",Posted
2026-06-30,BILL/2026/06/0055,Partners JV,Fahad,Purchases,"-5,000.000",Posted
2026-06-30,BILL/2026/06/0037,Staff Expenses JV,0626,Purchases,"-13,931.000",Posted
2026-06-30,BILL/2026/06/0035,Deema Fawaz AlAdwani,,Purchases,0.000,Posted
2026-06-30,BILL/2026/06/0034,Deema Fawaz AlAdwani,,Purchases,0.000,Posted
2026-06-30,BILL/2026/06/0033,Deema Fawaz AlAdwani,,Purchases,0.000,Posted
2026-06-30,BILL/2026/06/0032,Deema Fawaz AlAdwani,,Purchases,0.000,Posted
2026-06-30,BILL/2026/06/0031,Deema Fawaz AlAdwani,,Purchases,0.000,Posted
2026-06-30,BILL/2026/06/0030,Deema Fawaz AlAdwani,Jun26,Purchases,0.000,Posted
2026-06-30,BILL/2026/06/0029,BIN NISF GENERAL TRADING & CONT. CO.,200326,Purchases,-138.000,Posted
2026-06-30,BILL/2026/06/0028,Misc JV,,Purchases,-20.000,Posted
2026-06-30,BILL/2026/06/0027,BIN NISF GENERAL TRADING & CONT. CO.,2664421,Purchases,-26.000,Posted
2026-06-30,BILL/2026/06/0026,PRESTIGE BEAUTY CO FOR COSMETICS WLL,15674,Purchases,-137.500,Posted
2026-06-30,BILL/2026/06/0025,SHEIN DISTRIBUTION UK LIMITED,,Purchases,-99.000,Posted
2026-06-30,BILL/2026/06/0024,UNITED EXPRESS INTERNATIONAL GEN TRAD AND CONT CO,,Purchases,-525.000,Posted
2026-06-30,BILL/2026/06/0023,Misc JV,,Purchases,-69.000,Posted
2026-06-30,BILL/2026/06/0022,GULF SYSTEMS COMPUTER CO. WLL,,Purchases,"-1,495.000",Posted
2026-06-30,BILL/2026/06/0021,AL-SHATTI & HADEED GEN. TRAD. & CONT. CO.,,Purchases,"-7,500.000",Posted
2026-06-30,BILL/2026/06/0020,MEGA TECH ELECTRICAL CONT CO,,Purchases,"-2,500.000",Posted
2026-06-30,BILL/2026/06/0019,Marketing JV,,Purchases,-765.000,Posted
2026-06-30,BILL/2026/06/0018,Marketing JV,,Purchases,-637.000,Posted
2026-06-30,BILL/2026/06/0017,Marketing JV,,Purchases,-890.000,Posted
2026-06-30,BILL/2026/06/0016,Marketing JV,,Purchases,-240.000,Posted
2026-06-30,BILL/2026/06/0015,Marketing JV,,Purchases,-637.000,Posted
2026-06-30,BILL/2026/06/0014,Misc JV,,Purchases,-142.000,Posted
2026-06-30,BILL/2026/06/0012,Marketing JV,,Purchases,-250.000,Posted
2026-06-30,BILL/2026/06/0011,Rental JV,Jun26,Purchases,"-4,950.000",Posted
2026-06-30,BILL/2026/06/0009,Deema Fawaz AlAdwani,,Purchases,"-1,500.000",Posted
2026-06-30,BILL/2026/06/0008,Deema Fawaz AlAdwani,,Purchases,"-1,000.000",Posted
2026-06-30,BILL/2026/06/0007,Deema Fawaz AlAdwani,,Purchases,-500.000,Posted
2026-06-30,BILL/2026/06/0006,Bank Fees,Jun26,Purchases,-25.000,Posted
2026-06-30,BILL/2026/06/0004,Deema Fawaz AlAdwani,,Purchases,"-1,000.000",Posted
2026-06-30,BILL/2026/06/0003,Deema Fawaz AlAdwani,,Purchases,-500.000,Posted
2026-06-30,BILL/2026/06/0002,Deema Fawaz AlAdwani,,Purchases,-500.000,Posted
2026-06-30,BILL/2026/06/0001,Bank Fees,,Purchases,-146.000,Posted
2026-06-29,PBNK1/2026/00009,Bank Fees,BILL/2026/06/0001,Bank-8002,146.000,Posted
2026-06-28,PBNK1/2026/00029,BIN NISF GENERAL TRADING & CONT. CO.,200326,Bank-8001,138.000,Posted
2026-06-28,PBNK1/2026/00028,Misc JV,BILL/2026/06/0028,Bank-8001,20.000,Posted
2026-06-28,PBNK1/2026/00027,BIN NISF GENERAL TRADING & CONT. CO.,2664421,Bank-8001,26.000,Posted
2026-06-28,PBNK1/2026/00026,PRESTIGE BEAUTY CO FOR COSMETICS WLL,15674,Bank-8001,137.500,Posted
2026-06-28,PBNK1/2026/00023,Misc JV,BILL/2026/06/0023,Bank-8001,40.000,Posted
2026-06-28,PBNK1/2026/00020,AL-SHATTI & HADEED GEN. TRAD. & CONT. CO.,BILL/2026/06/0021,Bank-8001,"7,500.000",Posted
2026-06-28,PBNK1/2026/00019,MEGA TECH ELECTRICAL CONT CO,BILL/2026/06/0020,Bank-8001,"2,500.000",Posted
2026-06-27,PBNK1/2026/00030,Marketing JV,BILL/2026/06/0019,Bank-8001,765.000,Posted
2026-06-26,PBNK1/2026/00022,Misc JV,BILL/2026/06/0023,Bank-8001,29.000,Posted
2026-06-24,PBNK1/2026/00025,SHEIN DISTRIBUTION UK LIMITED,BILL/2026/06/0025,Bank-8001,99.000,Posted
2026-06-24,PBNK1/2026/00024,UNITED EXPRESS INTERNATIONAL GEN TRAD AND CONT CO,BILL/2026/06/0024,Bank-8001,525.000,Posted
2026-06-24,MISC2/2026/06/0007,,Intercompany Tranfers,Interncompany Transfers,"12,315.000",Posted
2026-06-24,MISC2/2026/06/0004,,InterCompany Transfers,Interncompany Transfers,"24,188.000",Posted
2026-06-21,PBNK1/2026/00016,Bank Fees,Jun26,Bank-8001,25.000,Posted
2026-06-20,BILL/2026/06/0054,Partners JV,Fahad,Purchases,-52.000,Posted
2026-06-18,PBNK1/2026/00003,Deema Fawaz AlAdwani,BILL/2026/06/0009,Bank-8001,"1,500.000",Posted
2026-06-17,PBNK1/2026/00015,Marketing JV,BILL/2026/06/0018,Bank-8001,637.000,Posted
2026-06-17,PBNK1/2026/00002,Deema Fawaz AlAdwani,BILL/2026/06/0008,Bank-8001,"1,000.000",Posted
2026-06-17,MISC2/2026/06/0003,,InterCompany Transfers,Interncompany Transfers,"5,000.000",Posted
2026-06-16,BILL/2026/06/0053,Partners JV,Fahad,Purchases,-240.000,Posted
2026-06-16,BILL/2026/06/0052,Partners JV,Fahad,Purchases,-240.000,Posted
2026-06-16,BILL/2026/06/0051,Partners JV,Fahad,Purchases,-150.000,Posted
2026-06-13,BILL/2026/06/0050,Partners JV,Fahad,Purchases,"-4,000.000",Posted
2026-06-12,BILL/2026/06/0049,Partners JV,Fahad,Purchases,"-2,000.000",Posted
2026-06-11,PBNK1/2026/00008,Deema Fawaz AlAdwani,BILL/2026/06/0004,Bank-8002,"1,000.000",Posted
2026-06-11,BILL/2026/06/0048,Partners JV,Fahad,Purchases,-218.000,Posted
2026-06-11,BILL/2026/06/0047,Partners JV,Fahad,Purchases,-750.000,Posted
2026-06-11,BILL/2026/06/0046,Partners JV,Fahad,Purchases,"-2,000.000",Posted
2026-06-10,PBNK1/2026/00014,Marketing JV,BILL/2026/06/0017,Bank-8001,890.000,Posted
2026-06-10,PBNK1/2026/00013,Marketing JV,BILL/2026/06/0016,Bank-8001,240.000,Posted
2026-06-09,PCSH1/2026/00026,Deema Fawaz AlAdwani,BILL/2026/06/0031,Cash-Deema,0.000,Posted
2026-06-09,BILL/2026/06/0045,Partners JV,Fahad,Purchases,-800.000,Posted
2026-06-08,PBNK1/2026/00007,Deema Fawaz AlAdwani,BILL/2026/06/0003,Bank-8002,500.000,Posted
2026-06-08,BILL/2026/06/0044,Partners JV,Fahad,Purchases,-30.000,Posted
2026-06-07,PBNK1/2026/00012,Marketing JV,BILL/2026/06/0015,Bank-8001,637.000,Posted
2026-06-07,MISC2/2026/06/0001,,InterCompany Transfers,Interncompany Transfers,"2,000.000",Posted
2026-06-06,PBNK1/2026/00006,Deema Fawaz AlAdwani,BILL/2026/06/0002,Bank-8002,500.000,Posted
2026-06-06,BILL/2026/06/0043,Partners JV,Fahad,Purchases,-350.000,Posted
2026-06-06,BILL/2026/06/0042,Partners JV,Fahad,Purchases,"-1,650.000",Posted
2026-06-04,PBNK1/2026/00018,Staff Expenses JV,BILL/2026/05/0002,Bank-8001,23.000,Posted
2026-06-04,PBNK1/2026/00017,Staff Expenses JV,BILL/2026/05/0002,Bank-8001,243.000,Posted
2026-06-04,PBNK1/2026/00001,Deema Fawaz AlAdwani,BILL/2026/06/0007,Bank-8001,500.000,Posted
2026-06-04,MISC2/2026/06/0012,,Amt Withdrawn by Partner-Fahad Fawaz,Interncompany Transfers,"10,000.000",Posted
2026-06-04,MISC/2026/06/0004,,Profit received,Miscellaneous Operations,0.136,Posted
2026-06-04,BILL/2026/06/0041,Partners JV,Fahad,Purchases,-900.000,Posted
2026-06-04,BILL/2026/06/0040,Partners JV,Fahad,Purchases,-280.000,Posted
2026-06-03,PBNK4/2026/00011,Sales JV,INV/2026/00017,Bank-8004,0.221,Posted
2026-06-03,PBNK1/2026/00006,Rental JV,Jun26,Bank-8001,"3,150.000",Posted
2026-06-03,MISC2/2026/06/0011,,Amt Withdrawn by Partner-Fahad Fawaz,Interncompany Transfers,"15,000.000",Posted
2026-06-03,BILL/2026/06/0039,Partners JV,Fahad,Purchases,"-2,000.000",Posted
2026-06-03,BILL/2026/06/0038,Partners JV,Fahad,Purchases,-146.000,Posted
2026-06-02,PBNK1/2026/00014,Staff Expenses JV,May26,Bank-8002,58.000,Posted
2026-06-02,PBNK1/2026/00013,Staff Expenses JV,May26,Bank-8002,107.000,Posted
2026-06-02,PBNK1/2026/00012,Staff Expenses JV,May26,Bank-8002,"2,133.000",Posted
2026-06-02,PBNK1/2026/00011,Misc JV,BILL/2026/06/0014,Bank-8001,142.000,Posted
2026-06-02,PBNK1/2026/00010,SPA AND MORE FOR GENERAL TRADING COMPANY WLL,BILL/2026/06/0013,Bank-8001,"2,000.000",Posted
2026-06-02,PBNK1/2026/00010,Staff Expenses JV,May26,Bank-8002,"1,869.000",Posted
2026-06-02,PBNK1/2026/00009,Marketing JV,BILL/2026/06/0012,Bank-8001,250.000,Posted
2026-06-02,PBNK1/2026/00005,Rental JV,Jun26,Bank-8001,800.000,Posted
2026-06-02,PBNK1/2026/00004,Rental JV,Jun26,Bank-8001,"1,000.000",Posted
2026-06-02,MISC2/2026/06/0009,,Intercompany Transfers,Interncompany Transfers,500.000,Posted
2026-06-02,MISC2/2026/06/0006,,Intercompany Tranfers,Interncompany Transfers,"13,500.000",Posted
2026-06-02,MISC2/2026/06/0002,,Intercompany Tranfers,Interncompany Transfers,"20,000.000",Posted
2026-06-01,PCSH3/2026/00012,Staff Expenses JV,0526,Cash-Fahad,"12,844.000",Posted
2026-06-01,PBNK3/2026/00026,Bank Fees,BILL/2026/06/0060,Bank-8003,20.000,Posted
2026-06-01,PBNK1/2026/00021,Sales JV,INV/2026/00007,Bank-8002,"44,860.020",Posted
2026-06-01,PBNK1/2026/00011,Staff Expenses JV,May26,Bank-8002,"7,065.000",Posted
2026-06-01,PBNK1/2026/00008,Staff Expenses JV,BILL/2026/05/0002,Bank-8001,40.000,Posted
2026-06-01,PBNK1/2026/00007,Staff Expenses JV,BILL/2026/05/0002,Bank-8001,"1,364.000",Posted
2026-06-01,INV/2026/00007,Sales JV,BBYN-02,Sales,"44,860.020",Posted
2026-06-01,BILL/2026/06/0060,Bank Fees,,Purchases,-20.000,Posted
2026-05-31,PCSH2/2026/00014,Deema Fawaz AlAdwani,BILL/2026/05/0043,Cash-Ali,26.840,Posted
2026-05-31,PCSH2/2026/00013,Deema Fawaz AlAdwani,BILL/2026/05/0042,Cash-Ali,11.685,Posted
2026-05-31,PCSH1/2026/00015,Deema Fawaz AlAdwani,BILL/2026/05/0043,Cash-Deema,15.000,Posted
2026-05-31,PBNK3/2026/00021,Sales JV,INV/2026/00012,Bank-8003,"13,539.370",Posted
2026-05-31,PBNK1/2026/00267,Deema Fawaz AlAdwani,BILL/2026/05/0043,Bank-8001,0.000,Posted
2026-05-31,PBNK1/2026/00260,Deema Fawaz AlAdwani,BILL/2026/05/0042,Bank-8001,0.000,Posted
2026-05-31,PBNK1/2026/00083,Bank Fees,BILL/2026/05/0060,Bank-8002,98.750,Posted
2026-05-31,MISC/2026/05/0001,,leave and Indemnity for the month,Miscellaneous Operations,999.743,Posted
2026-05-31,INV/2026/00012,Sales JV,,Sales,"13,539.370",Posted
2026-05-31,BILL/2026/05/0060,Bank Fees,,Purchases,-98.750,Posted
2026-05-31,BILL/2026/05/0054,Partners JV,Sara,Purchases,-43.750,Posted
2026-05-31,BILL/2026/05/0050,Partners JV,Fahad,Purchases,"-2,725.000",Posted
2026-05-31,BILL/2026/05/0049,Partners JV,Fahad,Purchases,"-2,000.000",Posted
2026-05-31,BILL/2026/05/0048,Partners JV,Fahad,Purchases,-180.000,Posted
2026-05-31,BILL/2026/05/0047,Partners JV,Fahad,Purchases,"-3,150.000",Posted
2026-05-31,BILL/2026/05/0046,Partners JV,Fahad,Purchases,-280.000,Posted
2026-05-31,BILL/2026/05/0045,Partners JV,Fahad,Purchases,"-7,000.000",Posted
2026-05-31,BILL/2026/05/0044,Staff Expenses JV,0526,Purchases,"-12,844.000",Posted
2026-05-31,BILL/2026/05/0043,Deema Fawaz AlAdwani,,Purchases,-375.960,Posted
2026-05-31,BILL/2026/05/0002,Staff Expenses JV,,Purchases,"-1,670.000",Posted
2026-05-31,BILL/2026/05/0001,Staff Expenses JV,May26,Purchases,"-11,232.000",Posted
2026-05-29,PCSH1/2026/00014,Deema Fawaz AlAdwani,BILL/2026/05/0042,Cash-Deema,299.000,Posted
2026-05-29,PBNK1/2026/00095,Marketing JV,BILL/2026/05/0036,Bank-8001,763.000,Posted
2026-05-29,BILL/2026/05/0036,Marketing JV,,Purchases,-763.000,Posted
2026-05-26,PBNK1/2026/00094,Deema Fawaz AlAdwani,BILL/2026/05/0035,Bank-8001,500.000,Posted
2026-05-26,BILL/2026/05/0035,Deema Fawaz AlAdwani,,Purchases,-500.000,Posted
2026-05-25,BILL/2026/05/0042,Deema Fawaz AlAdwani,,Purchases,-310.685,Posted
2026-05-23,PCSH1/2026/00013,Deema Fawaz AlAdwani,BILL/2026/05/0041,Cash-Deema,"1,231.450",Posted
2026-05-23,PBNK1/2026/00259,Deema Fawaz AlAdwani,BILL/2026/05/0041,Bank-8001,0.000,Posted
2026-05-21,PBNK1/2026/00093,Deema Fawaz AlAdwani,BILL/2026/05/0034,Bank-8001,500.000,Posted
2026-05-21,BILL/2026/05/0034,Deema Fawaz AlAdwani,,Purchases,-500.000,Posted
2026-05-20,PBNK1/2026/00092,Deema Fawaz AlAdwani,BILL/2026/05/0033,Bank-8001,"1,000.000",Posted
2026-05-20,BILL/2026/05/0053,Partners JV,Fahad,Purchases,"-2,000.000",Posted
2026-05-20,BILL/2026/05/0052,Partners JV,Fahad,Purchases,-324.000,Posted
2026-05-20,BILL/2026/05/0051,Partners JV,Fahad,Purchases,-700.000,Posted
2026-05-20,BILL/2026/05/0033,Deema Fawaz AlAdwani,,Purchases,"-1,000.000",Posted
2026-05-19,PBNK1/2026/00091,Marketing JV,BILL/2026/05/0032,Bank-8001,637.000,Posted
2026-05-19,BILL/2026/05/0032,Marketing JV,,Purchases,-637.000,Posted
2026-05-18,PBNK1/2026/00090,Misc JV,BILL/2026/05/0031,Bank-8001,150.000,Posted
2026-05-17,PCSH1/2026/00012,Deema Fawaz AlAdwani,BILL/2026/05/0040,Cash-Deema,776.000,Posted
2026-05-17,BILL/2026/05/0041,Deema Fawaz AlAdwani,,Purchases,"-1,231.450",Posted
2026-05-14,PBNK1/2026/00257,Deema Fawaz AlAdwani,BILL/2026/05/0040,Bank-8001,0.000,Posted
2026-05-14,PBNK1/2026/00089,Deema Fawaz AlAdwani,BILL/2026/05/0030,Bank-8001,500.000,Posted
2026-05-14,BILL/2026/05/0031,Misc JV,,Purchases,-150.000,Posted
2026-05-14,BILL/2026/05/0030,Deema Fawaz AlAdwani,,Purchases,-500.000,Posted
2026-05-13,PBNK1/2026/00258,ArtVision,BILL/2026/05/0029,Bank-8001,"1,650.000",Posted
2026-05-13,PBNK1/2026/00091,Intercompany Transfers,BILL/2026/05/0063,Bank-8002,"5,000.000",Posted
2026-05-13,PBNK1/2026/00088,Blue Diamond Plus Co.,BILL/2026/05/0028,Bank-8001,714.580,Posted
2026-05-13,BILL/2026/05/0063,Intercompany Transfers,,Purchases,"-24,500.000",Posted
2026-05-13,BILL/2026/05/0029,ArtVision,,Purchases,"-1,650.000",Posted
2026-05-13,BILL/2026/05/0028,Blue Diamond Plus Co.,,Purchases,-714.580,Posted
2026-05-12,PCSH1/2026/00011,Deema Fawaz AlAdwani,BILL/2026/05/0039,Cash-Deema,766.300,Posted
2026-05-12,PBNK1/2026/00253,Deema Fawaz AlAdwani,BILL/2026/05/0039,Bank-8001,0.000,Posted
2026-05-12,PBNK1/2026/00087,Deema Fawaz AlAdwani,BILL/2026/05/0027,Bank-8001,500.000,Posted
2026-05-12,BILL/2026/05/0040,Deema Fawaz AlAdwani,,Purchases,-776.000,Posted
2026-05-12,BILL/2026/05/0027,Deema Fawaz AlAdwani,,Purchases,-500.000,Posted
2026-05-11,PBNK1/2026/00086,Misc JV,BILL/2026/05/0026,Bank-8001,44.000,Posted
2026-05-11,PBNK1/2026/00085,Misc JV,BILL/2026/05/0025,Bank-8001,25.000,Posted
2026-05-11,BILL/2026/05/0026,Misc JV,,Purchases,-44.000,Posted
2026-05-11,BILL/2026/05/0025,Misc JV,,Purchases,-25.000,Posted
2026-05-10,PBNK1/2026/00256,Rental JV,BILL/2026/05/0024,Bank-8001,450.000,Posted
2026-05-10,PBNK1/2026/00255,SPA AND MORE FOR GENERAL TRADING COMPANY WLL,BILL/2026/05/0023,Bank-8001,500.000,Posted
2026-05-10,PBNK1/2026/00254,ArtVision,BILL/2026/05/0022,Bank-8001,14.750,Posted
2026-05-10,BILL/2026/05/0024,Rental JV,,Purchases,-450.000,Posted
2026-05-10,BILL/2026/05/0023,SPA AND MORE FOR GENERAL TRADING COMPANY WLL,,Purchases,-500.000,Posted
2026-05-10,BILL/2026/05/0022,ArtVision,,Purchases,-14.750,Posted
2026-05-09,PBNK1/2026/00084,Deema Fawaz AlAdwani,BILL/2026/05/0021,Bank-8001,500.000,Posted
2026-05-09,BILL/2026/05/0021,Deema Fawaz AlAdwani,,Purchases,-500.000,Posted
2026-05-08,PBNK1/2026/00083,Marketing JV,BILL/2026/05/0020,Bank-8001,460.000,Posted
2026-05-08,BILL/2026/05/0020,Marketing JV,,Purchases,-460.000,Posted
2026-05-07,MISC/2026/05/0003,,Profit Received,Miscellaneous Operations,0.530,Posted
2026-05-07,BILL/2026/05/0039,Deema Fawaz AlAdwani,,Purchases,-766.300,Posted
2026-05-06,PCSH1/2026/00010,Deema Fawaz AlAdwani,BILL/2026/05/0038,Cash-Deema,767.250,Posted
2026-05-06,PBNK4/2026/00013,Sales JV,INV/2026/00017,Bank-8004,1.437,Posted
2026-05-06,PBNK3/2026/00024,Intercompany Transfers,BILL/2026/05/0057,Bank-8003,"5,000.000",Posted
2026-05-06,PBNK1/2026/00271,Sales JV,INV/2026/00017,Bank-8001,0.000,Posted
2026-05-06,PBNK1/2026/00270,Intercompany Transfers,BILL/2026/05/0066,Bank-8001,"2,000.000",Posted
2026-05-06,PBNK1/2026/00252,Deema Fawaz AlAdwani,BILL/2026/05/0038,Bank-8001,0.000,Posted
2026-05-06,PBNK1/2026/00090,Intercompany Transfers,BILL/2026/05/0063,Bank-8002,"3,500.000",Posted
2026-05-06,PBNK1/2026/00082,Deema Fawaz AlAdwani,BILL/2026/05/0019,Bank-8001,200.000,Posted
2026-05-06,PBNK1/2026/00081,Deema Fawaz AlAdwani,BILL/2026/05/0018,Bank-8001,500.000,Posted
2026-05-06,PBNK1/2026/00080,Marketing JV,BILL/2026/05/0017,Bank-8001,"1,200.000",Posted
2026-05-06,PBNK1/2026/00079,ArtVision,BILL/2026/05/0016,Bank-8001,"3,000.000",Posted
2026-05-06,BILL/2026/05/0066,Intercompany Transfers,,Purchases,"-2,000.000",Posted
2026-05-06,BILL/2026/05/0057,Intercompany Transfers,,Purchases,"-5,000.000",Posted
2026-05-06,BILL/2026/05/0019,Deema Fawaz AlAdwani,,Purchases,-200.000,Posted
2026-05-06,BILL/2026/05/0018,Deema Fawaz AlAdwani,,Purchases,-500.000,Posted
2026-05-06,BILL/2026/05/0017,Marketing JV,,Purchases,"-1,200.000",Posted
2026-05-06,BILL/2026/05/0016,ArtVision,,Purchases,"-3,000.000",Posted
2026-05-05,PBNK1/2026/00089,Intercompany Transfers,BILL/2026/05/0063,Bank-8002,"5,000.000",Posted
2026-05-05,PBNK1/2026/00078,White Stores General Trad. Co. W.L.L.,BILL/2026/05/0015,Bank-8001,36.965,Posted
2026-05-05,PBNK1/2026/00077,Rental JV,BILL/2026/05/0014,Bank-8001,"2,150.000",Posted
2026-05-05,PBNK1/2026/00076,Staff Expenses JV,BILL/2026/05/0013,Bank-8001,500.000,Posted
2026-05-05,BILL/2026/05/0015,White Stores General Trad. Co. W.L.L.,,Purchases,-36.965,Posted
2026-05-05,BILL/2026/05/0014,Rental JV,,Purchases,"-2,150.000",Posted
2026-05-05,BILL/2026/05/0013,Staff Expenses JV,,Purchases,-500.000,Posted
2026-05-04,PCSH2/2026/00012,Deema Fawaz AlAdwani,BILL/2026/05/0038,Cash-Ali,155.000,Posted
2026-05-04,PBNK1/2026/00088,Intercompany Transfers,BILL/2026/05/0063,Bank-8002,"1,000.000",Posted
2026-05-04,PBNK1/2026/00075,White Stores General Trad. Co. W.L.L.,BILL/2026/05/0012,Bank-8001,30.350,Posted
2026-05-04,PBNK1/2026/00074,Misc JV,BILL/2026/05/0011,Bank-8001,17.000,Posted
2026-05-04,PBNK1/2026/00073,Marketing JV,BILL/2026/05/0010,Bank-8001,30.000,Posted
2026-05-04,PBNK1/2026/00072,ArtVision,BILL/2026/05/0009,Bank-8001,"1,000.000",Posted
2026-05-04,PBNK1/2026/00071,SPA AND MORE FOR GENERAL TRADING COMPANY WLL,BILL/2026/05/0008,Bank-8001,"2,000.000",Posted
2026-05-04,BILL/2026/05/0012,White Stores General Trad. Co. W.L.L.,,Purchases,-30.350,Posted
2026-05-04,BILL/2026/05/0011,Misc JV,,Purchases,-17.000,Posted
2026-05-04,BILL/2026/05/0010,Marketing JV,,Purchases,-30.000,Posted
2026-05-04,BILL/2026/05/0009,ArtVision,,Purchases,"-1,000.000",Posted
2026-05-03,PCSH1/2026/00009,Deema Fawaz AlAdwani,BILL/2026/05/0037,Cash-Deema,661.540,Posted
2026-05-03,PBNK3/2026/00023,Bank Fees,BILL/2026/05/0056,Bank-8003,20.000,Posted
2026-05-03,PBNK1/2026/00251,Deema Fawaz AlAdwani,BILL/2026/05/0037,Bank-8001,0.000,Posted
2026-05-03,PBNK1/2026/00093,Intercompany Transfers,BILL/2026/05/0062,Bank-8002,908.000,Posted
2026-05-03,PBNK1/2026/00086,Intercompany Transfers,BILL/2026/05/0062,Bank-8002,"1,000.000",Posted
2026-05-03,PBNK1/2026/00082,Bank Fees,BILL/2026/05/0059,Bank-8002,20.000,Posted
2026-05-03,PBNK1/2026/00070,White Stores General Trad. Co. W.L.L.,BILL/2026/05/0007,Bank-8001,253.340,Posted
2026-05-03,PBNK1/2026/00069,Blue Diamond Plus Co.,BILL/2026/05/0006,Bank-8001,519.420,Posted
2026-05-03,BILL/2026/05/0062,Intercompany Transfers,,Purchases,"-7,281.000",Posted
2026-05-03,BILL/2026/05/0059,Bank Fees,,Purchases,-20.000,Posted
2026-05-03,BILL/2026/05/0056,Bank Fees,,Purchases,-20.000,Posted
2026-05-03,BILL/2026/05/0038,Deema Fawaz AlAdwani,,Purchases,-922.250,Posted
2026-05-03,BILL/2026/05/0007,White Stores General Trad. Co. W.L.L.,,Purchases,-253.340,Posted
2026-05-03,BILL/2026/05/0006,Blue Diamond Plus Co.,,Purchases,-519.420,Posted
2026-05-02,PBNK3/2026/00022,Intercompany Transfers,BILL/2026/05/0055,Bank-8003,"13,000.000",Posted
2026-05-02,PBNK1/2026/00269,Intercompany Transfers,BILL/2026/05/0065,Bank-8001,"3,300.000",Posted
2026-05-02,PBNK1/2026/00092,Intercompany Transfers,BILL/2026/05/0064,Bank-8002,"8,500.000",Posted
2026-05-02,PBNK1/2026/00087,Intercompany Transfers,BILL/2026/05/0063,Bank-8002,"10,000.000",Posted
2026-05-02,PBNK1/2026/00085,Intercompany Transfers,BILL/2026/05/0062,Bank-8002,"5,373.000",Posted
2026-05-02,PBNK1/2026/00081,Bank Fees,BILL/2026/05/0058,Bank-8002,24.000,Posted
2026-05-02,PBNK1/2026/00068,Marketing JV,BILL/2026/05/0005,Bank-8001,250.000,Posted
2026-05-02,PBNK1/2026/00067,Misc JV,BILL/2026/05/0004,Bank-8001,142.000,Posted
2026-05-02,PBNK1/2026/00066,Staff Expenses JV,BILL/2026/05/0003,Bank-8001,"3,100.000",Posted
2026-05-02,MISC/2026/05/0002,,,Miscellaneous Operations,"8,500.000",Posted
2026-05-02,BILL/2026/05/0065,Intercompany Transfers,,Purchases,"-3,300.000",Posted
2026-05-02,BILL/2026/05/0064,Intercompany Transfers,,Purchases,"-8,500.000",Posted
2026-05-02,BILL/2026/05/0058,Bank Fees,,Purchases,-24.000,Posted
2026-05-02,BILL/2026/05/0055,Intercompany Transfers,,Purchases,"-13,000.000",Posted
2026-05-02,BILL/2026/05/0005,Marketing JV,,Purchases,-250.000,Posted
2026-05-02,BILL/2026/05/0004,Misc JV,,Purchases,-142.000,Posted
2026-05-02,BILL/2026/05/0003,Staff Expenses JV,,Purchases,"-3,100.000",Posted
2026-05-01,PCSH3/2026/00013,Staff Expenses JV,0426,Cash-Fahad,"11,307.500",Posted
2026-05-01,PBNK1/2026/00084,Deema Fawaz AlAdwani,BILL/2026/05/0061,Bank-8002,"1,000.000",Posted
2026-05-01,PBNK1/2026/00020,Sales JV,INV/2026/00006,Bank-8002,"44,515.432",Posted
2026-05-01,INV/2026/00006,Sales JV,BBYN-02,Sales,"44,515.432",Posted
2026-05-01,BILL/2026/05/0061,Deema Fawaz AlAdwani,,Purchases,"-1,000.000",Posted
2026-05-01,BILL/2026/05/0037,Deema Fawaz AlAdwani,,Purchases,-661.540,Posted
2026-04-30,PCSH1/2026/00008,Deema Fawaz AlAdwani,BILL/2026/04/0052,Cash-Deema,"1,265.000",Posted
2026-04-30,PBNK3/2026/00016,Sales JV,INV/2026/00013,Bank-8003,"11,718.846",Posted
2026-04-30,PBNK1/2026/00076,Sales JV,INV/2026/00005,Bank-8002,0.000,Posted
2026-04-30,PBNK1/2026/00066,Bank Fees,BILL/2026/04/0065,Bank-8002,81.500,Posted
2026-04-30,MISC/2026/04/0001,,leave and Indemnity for the month,Miscellaneous Operations,999.743,Posted
2026-04-30,INV/2026/00013,Sales JV,,Sales,"11,718.846",Posted
2026-04-30,BILL/2026/04/0065,Bank Fees,,Purchases,-81.500,Posted
2026-04-30,BILL/2026/04/0060,Partners JV,Sara,Purchases,-35.060,Posted
2026-04-30,BILL/2026/04/0059,Partners JV,Sara,Purchases,-74.600,Posted
2026-04-30,BILL/2026/04/0058,Partners JV,Sara,Purchases,-108.000,Posted
2026-04-30,BILL/2026/04/0057,Partners JV,Sara,Purchases,-85.000,Posted
2026-04-30,BILL/2026/04/0056,Partners JV,Sara,Purchases,-560.900,Posted
2026-04-30,BILL/2026/04/0055,Partners JV,Sara,Purchases,-840.000,Posted
2026-04-30,BILL/2026/04/0054,Partners JV,Fahad,Purchases,-30.000,Posted
2026-04-30,BILL/2026/04/0053,Staff Expenses JV,0426,Purchases,"-11,307.500",Posted
2026-04-29,PBNK1/2026/00096,Misc JV,BILL/2026/04/0047,Bank-8001,60.000,Posted
2026-04-29,BILL/2026/04/0047,Misc JV,,Purchases,-60.000,Posted
2026-04-28,PBNK1/2026/00097,Deema Fawaz AlAdwani,BILL/2026/04/0046,Bank-8001,"1,000.000",Posted
2026-04-28,PBNK1/2026/00079,Intercompany Transfers,BILL/2026/04/0069,Bank-8002,685.000,Posted
2026-04-28,BILL/2026/04/0069,Intercompany Transfers,,Purchases,"-10,415.000",Posted
2026-04-28,BILL/2026/04/0046,Deema Fawaz AlAdwani,,Purchases,"-1,000.000",Posted
2026-04-27,PBNK1/2026/00250,Deema Fawaz AlAdwani,BILL/2026/04/0052,Bank-8001,0.000,Posted
2026-04-27,BILL/2026/04/0052,Deema Fawaz AlAdwani,,Purchases,"-1,265.000",Posted
2026-04-26,PCSH2/2026/00011,Deema Fawaz AlAdwani,BILL/2026/04/0051,Cash-Ali,80.306,Posted
2026-04-26,PCSH1/2026/00007,Deema Fawaz AlAdwani,BILL/2026/04/0051,Cash-Deema,851.500,Posted
2026-04-26,PBNK1/2026/00098,Misc JV,BILL/2026/04/0045,Bank-8001,55.000,Posted
2026-04-26,BILL/2026/04/0045,Misc JV,,Purchases,-55.000,Posted
2026-04-25,PBNK1/2026/00099,Deema Fawaz AlAdwani,BILL/2026/04/0044,Bank-8001,"1,000.000",Posted
2026-04-25,BILL/2026/04/0044,Deema Fawaz AlAdwani,,Purchases,"-1,000.000",Posted
2026-04-23,PCSH1/2026/00006,Deema Fawaz AlAdwani,BILL/2026/04/0050,Cash-Deema,"1,169.400",Posted
2026-04-23,PBNK1/2026/00249,Deema Fawaz AlAdwani,BILL/2026/04/0051,Bank-8001,0.000,Posted
2026-04-23,PBNK1/2026/00100,Abdellah Ali Ahmed Mahmoud,BILL/2026/04/0043,Bank-8001,"1,028.000",Posted
2026-04-23,PBNK1/2026/00075,Intercompany Transfers,BILL/2026/04/0068,Bank-8002,"3,000.000",Posted
2026-04-23,PBNK1/2026/00071,Intercompany Transfers,BILL/2026/04/0067,Bank-8002,0.000,Posted
2026-04-23,BILL/2026/04/0068,Intercompany Transfers,,Purchases,"-10,200.000",Posted
2026-04-23,BILL/2026/04/0067,Intercompany Transfers,,Purchases,0.000,Posted
2026-04-23,BILL/2026/04/0051,Deema Fawaz AlAdwani,,Purchases,-931.806,Posted
2026-04-23,BILL/2026/04/0043,Abdellah Ali Ahmed Mahmoud,,Purchases,"-1,028.000",Posted
2026-04-21,PCSH2/2026/00010,Deema Fawaz AlAdwani,BILL/2026/04/0050,Cash-Ali,80.500,Posted
2026-04-21,PBNK1/2026/00067,Deema Fawaz AlAdwani,BILL/2026/04/0066,Bank-8002,"1,000.000",Posted
2026-04-21,BILL/2026/04/0066,Deema Fawaz AlAdwani,,Purchases,"-1,000.000",Posted
2026-04-20,PBNK1/2026/00248,Deema Fawaz AlAdwani,BILL/2026/04/0050,Bank-8001,0.000,Posted
2026-04-20,PBNK1/2026/00247,Deema Fawaz AlAdwani,BILL/2026/04/0049,Bank-8001,0.000,Posted
2026-04-20,BILL/2026/04/0050,Deema Fawaz AlAdwani,,Purchases,"-1,249.900",Posted
2026-04-19,PCSH1/2026/00005,Deema Fawaz AlAdwani,BILL/2026/04/0049,Cash-Deema,674.000,Posted
2026-04-19,PBNK4/2026/00009,Bank Fees,BILL/2026/07/0041,Bank-8004,500.000,Posted
2026-04-19,PBNK4/2026/00008,Bank Fees,BILL/2026/07/0041,Bank-8004,"1,864.643",Posted
2026-04-19,PBNK4/2026/00005,Intercompany Transfers,BILL/2026/04/0070,Bank-8004,385.000,Posted
2026-04-19,PBNK1/2026/00101,Misc JV,BILL/2026/04/0042,Bank-8001,55.000,Posted
2026-04-19,BILL/2026/04/0070,Intercompany Transfers,,Purchases,"-6,635.000",Posted
2026-04-19,BILL/2026/04/0042,Misc JV,,Purchases,-55.000,Posted
2026-04-18,PCSH2/2026/00009,Deema Fawaz AlAdwani,BILL/2026/04/0049,Cash-Ali,46.400,Posted
2026-04-18,PBNK1/2026/00105,Mohamed Amer Abdelmoneim Amer,BILL/2026/04/0038,Bank-8001,350.000,Posted
2026-04-18,PBNK1/2026/00104,Marketing JV,BILL/2026/04/0039,Bank-8001,460.000,Posted
2026-04-18,PBNK1/2026/00103,Ali Bahaa,BILL/2026/04/0040,Bank-8001,20.000,Posted
2026-04-18,PBNK1/2026/00102,Thurayia Star,BILL/2026/04/0041,Bank-8001,45.000,Posted
2026-04-18,BILL/2026/04/0041,Thurayia Star,,Purchases,-45.000,Posted
2026-04-18,BILL/2026/04/0040,Ali Bahaa,,Purchases,-20.000,Posted
2026-04-18,BILL/2026/04/0039,Marketing JV,,Purchases,-460.000,Posted
2026-04-18,BILL/2026/04/0038,Mohamed Amer Abdelmoneim Amer,,Purchases,-350.000,Posted
2026-04-16,PBNK4/2026/00007,Bank Fees,BILL/2026/07/0041,Bank-8004,500.000,Posted
2026-04-16,PBNK4/2026/00004,Intercompany Transfers,BILL/2026/04/0070,Bank-8004,"1,000.000",Posted
2026-04-16,PBNK1/2026/00268,Intercompany Transfers,BILL/2026/04/0071,Bank-8001,330.000,Posted
2026-04-16,BILL/2026/04/0071,Intercompany Transfers,,Purchases,-330.000,Posted
2026-04-14,PBNK4/2026/00003,Intercompany Transfers,BILL/2026/04/0070,Bank-8004,"1,000.000",Posted
2026-04-14,PBNK1/2026/00111,Ali Bahaa,BILL/2026/04/0032,Bank-8001,25.775,Posted
2026-04-14,PBNK1/2026/00110,The Print Shop Co,BILL/2026/04/0033,Bank-8001,130.000,Posted
2026-04-14,PBNK1/2026/00109,Thurayia Star,BILL/2026/04/0034,Bank-8001,15.500,Posted
2026-04-14,PBNK1/2026/00108,Ali Bahaa,BILL/2026/04/0035,Bank-8001,100.000,Posted
2026-04-14,PBNK1/2026/00107,Abdellah Ali Ahmed Mahmoud,BILL/2026/04/0036,Bank-8001,650.000,Posted
2026-04-14,PBNK1/2026/00106,Al Taneeb Trading Company,BILL/2026/04/0037,Bank-8001,269.500,Posted
2026-04-14,BILL/2026/04/0049,Deema Fawaz AlAdwani,,Purchases,-720.400,Posted
2026-04-14,BILL/2026/04/0037,Al Taneeb Trading Company,,Purchases,-269.500,Posted
2026-04-14,BILL/2026/04/0036,Abdellah Ali Ahmed Mahmoud,,Purchases,-650.000,Posted
2026-04-14,BILL/2026/04/0035,Ali Bahaa,,Purchases,-100.000,Posted
2026-04-14,BILL/2026/04/0034,Thurayia Star,,Purchases,-15.500,Posted
2026-04-14,BILL/2026/04/0033,The Print Shop Co,,Purchases,-130.000,Posted
2026-04-14,BILL/2026/04/0032,Ali Bahaa,,Purchases,-25.775,Posted
2026-04-13,PBNK1/2026/00113,Mostafa Mahmood Hassan,BILL/2026/04/0030,Bank-8001,"1,325.000",Posted
2026-04-13,BILL/2026/04/0031,Fahad Al Suwayed Sons,,Purchases,-111.000,Posted
2026-04-13,BILL/2026/04/0030,Mostafa Mahmood Hassan,,Purchases,"-1,325.000",Posted
2026-04-12,PBNK4/2026/00002,Intercompany Transfers,BILL/2026/04/0070,Bank-8004,"2,000.000",Posted
2026-04-12,PBNK1/2026/00117,Misc JV,BILL/2026/04/0026,Bank-8001,92.000,Posted
2026-04-12,PBNK1/2026/00116,Misc JV,BILL/2026/04/0027,Bank-8001,75.000,Posted
2026-04-12,PBNK1/2026/00115,Oscar Golder Group,BILL/2026/04/0028,Bank-8001,85.000,Posted
2026-04-12,PBNK1/2026/00114,Farhan Fahim Mohamed,BILL/2026/04/0029,Bank-8001,800.000,Posted
2026-04-12,BILL/2026/04/0029,Farhan Fahim Mohamed,,Purchases,-800.000,Posted
2026-04-12,BILL/2026/04/0028,Oscar Golder Group,,Purchases,-85.000,Posted
2026-04-12,BILL/2026/04/0027,Misc JV,,Purchases,-75.000,Posted
2026-04-12,BILL/2026/04/0026,Misc JV,,Purchases,-92.000,Posted
2026-04-11,PCSH2/2026/00008,Deema Fawaz AlAdwani,BILL/2026/04/0048,Cash-Ali,243.640,Posted
2026-04-11,PBNK1/2026/00112,Fahad Al Suwayed Sons,BILL/2026/04/0031,Bank-8001,111.000,Posted
2026-04-09,PCSH1/2026/00004,Deema Fawaz AlAdwani,BILL/2026/04/0048,Cash-Deema,81.500,Posted
2026-04-09,PBNK1/2026/00119,Thurayia Star,BILL/2026/04/0024,Bank-8001,30.250,Posted
2026-04-09,PBNK1/2026/00118,Samra Al-Yemen,BILL/2026/04/0025,Bank-8001,57.500,Posted
2026-04-09,BILL/2026/04/0025,Samra Al-Yemen,,Purchases,-57.500,Posted
2026-04-09,BILL/2026/04/0024,Thurayia Star,,Purchases,-30.250,Posted
2026-04-08,PBNK1/2026/00124,Boushahri Group Trading,BILL/2026/04/0019,Bank-8001,25.980,Posted
2026-04-08,PBNK1/2026/00123,SPA AND MORE FOR GENERAL TRADING COMPANY WLL,BILL/2026/04/0020,Bank-8001,500.000,Posted
2026-04-08,PBNK1/2026/00122,Dr Scent,BILL/2026/04/0021,Bank-8001,125.000,Posted
2026-04-08,PBNK1/2026/00121,Marketing JV,BILL/2026/04/0022,Bank-8001,464.000,Posted
2026-04-08,PBNK1/2026/00120,Food Choice Gen Trad Co.,BILL/2026/04/0023,Bank-8001,264.000,Posted
2026-04-08,PBNK1/2026/00074,Intercompany Transfers,BILL/2026/04/0068,Bank-8002,"1,000.000",Posted
2026-04-08,PBNK1/2026/00070,Intercompany Transfers,BILL/2026/04/0067,Bank-8002,0.000,Posted
2026-04-08,BILL/2026/04/0023,Food Choice Gen Trad Co.,,Purchases,-264.000,Posted
2026-04-08,BILL/2026/04/0022,Marketing JV,,Purchases,-464.000,Posted
2026-04-08,BILL/2026/04/0021,Dr Scent,,Purchases,-125.000,Posted
2026-04-08,BILL/2026/04/0020,SPA AND MORE FOR GENERAL TRADING COMPANY WLL,,Purchases,-500.000,Posted
2026-04-08,BILL/2026/04/0019,Boushahri Group Trading,,Purchases,-25.980,Posted
2026-04-07,PBNK3/2026/00019,Intercompany Transfers,BILL/2026/04/0063,Bank-8003,"5,750.000",Posted
2026-04-07,PBNK1/2026/00128,Rental JV,BILL/2026/04/0015,Bank-8001,"3,150.000",Posted
2026-04-07,PBNK1/2026/00126,Misc JV,BILL/2026/04/0017,Bank-8001,3.000,Posted
2026-04-07,PBNK1/2026/00125,Ali Bahaa,BILL/2026/04/0018,Bank-8001,135.995,Posted
2026-04-07,BILL/2026/04/0063,Intercompany Transfers,,Purchases,"-5,750.000",Posted
2026-04-07,BILL/2026/04/0018,Ali Bahaa,,Purchases,-135.995,Posted
2026-04-07,BILL/2026/04/0017,Misc JV,,Purchases,-3.000,Posted
2026-04-06,PCSH2/2026/00020,Deema Fawaz AlAdwani,BILL/2026/03/0047,Cash-Ali,0.000,Posted
2026-04-06,PCSH2/2026/00007,Deema Fawaz AlAdwani,BILL/2026/03/0047,Cash-Ali,797.135,Posted
2026-04-06,PCSH2/2026/00006,Deema Fawaz AlAdwani,BILL/2026/03/0047,Cash-Ali,0.000,Posted
2026-04-06,PCSH1/2026/00001,Deema Fawaz AlAdwani,BILL/2026/03/0047,Cash-Deema,0.000,Posted
2026-04-06,PBNK1/2026/00246,Deema Fawaz AlAdwani,BILL/2026/04/0048,Bank-8001,0.000,Posted
2026-04-06,PBNK1/2026/00134,Rental JV,BILL/2026/04/0009,Bank-8001,280.000,Posted
2026-04-06,PBNK1/2026/00133,Thurayia Star,BILL/2026/04/0010,Bank-8001,15.500,Posted
2026-04-06,PBNK1/2026/00132,Al Shamel Office Supplies,BILL/2026/04/0011,Bank-8001,23.500,Posted
2026-04-06,PBNK1/2026/00131,Ali Bahaa,BILL/2026/04/0012,Bank-8001,915.000,Posted
2026-04-06,PBNK1/2026/00130,JothenPro,BILL/2026/04/0013,Bank-8001,545.000,Posted
2026-04-06,PBNK1/2026/00129,Blue Diamond Plus Co.,BILL/2026/04/0014,Bank-8001,454.740,Posted
2026-04-06,PBNK1/2026/00127,Misc JV,BILL/2026/04/0016,Bank-8001,60.000,Posted
2026-04-06,PBNK1/2026/00073,Intercompany Transfers,BILL/2026/04/0068,Bank-8002,"6,000.000",Posted
2026-04-06,MISC/2026/04/0002,,Profit Received,Miscellaneous Operations,0.107,Posted
2026-04-06,BILL/2026/04/0048,Deema Fawaz AlAdwani,,Purchases,-325.140,Posted
2026-04-06,BILL/2026/04/0016,Misc JV,,Purchases,-60.000,Posted
2026-04-06,BILL/2026/04/0015,Rental JV,,Purchases,"-3,150.000",Posted
2026-04-06,BILL/2026/04/0014,Blue Diamond Plus Co.,,Purchases,-454.740,Posted
2026-04-06,BILL/2026/04/0013,JothenPro,,Purchases,-545.000,Posted
2026-04-06,BILL/2026/04/0012,Ali Bahaa,,Purchases,-915.000,Posted
2026-04-06,BILL/2026/04/0011,Al Shamel Office Supplies,,Purchases,-23.500,Posted
2026-04-06,BILL/2026/04/0010,Thurayia Star,,Purchases,-15.500,Posted
2026-04-06,BILL/2026/04/0009,Rental JV,,Purchases,-280.000,Posted
2026-04-05,PBNK4/2026/00010,Sales JV,INV/2026/00017,Bank-8004,0.483,Posted
2026-04-05,PBNK4/2026/00006,Bank Fees,BILL/2026/07/0041,Bank-8004,0.000,Posted
2026-04-05,PBNK4/2026/00001,Intercompany Transfers,BILL/2026/04/0070,Bank-8004,"2,250.000",Posted
2026-04-05,PBNK1/2026/00136,Al-Omaizi Construction Material Co.,BILL/2026/04/0007,Bank-8001,"2,250.000",Posted
2026-04-05,PBNK1/2026/00135,Misc JV,BILL/2026/04/0008,Bank-8001,30.000,Posted
2026-04-05,BILL/2026/04/0008,Misc JV,,Purchases,-30.000,Posted
2026-04-05,BILL/2026/04/0007,Al-Omaizi Construction Material Co.,,Purchases,"-2,250.000",Posted
2026-04-04,PCSH1/2026/00003,Deema Fawaz AlAdwani,BILL/2026/03/0047,Cash-Deema,303.000,Posted
2026-04-04,PCSH1/2026/00002,Deema Fawaz AlAdwani,BILL/2026/03/0047,Cash-Deema,0.000,Posted
2026-04-03,PBNK1/2026/00245,Suspense JV,BILL/2026/04/0006,Bank-8001,6.000,Posted
2026-04-03,PBNK1/2026/00069,Intercompany Transfers,BILL/2026/04/0067,Bank-8002,0.000,Posted
2026-04-03,BILL/2026/04/0006,Suspense JV,,Purchases,-6.000,Posted
2026-04-01,PCSH3/2026/00014,Staff Expenses JV,0326,Cash-Fahad,"9,706.000",Posted
2026-04-01,PBNK3/2026/00018,Intercompany Transfers,BILL/2026/04/0062,Bank-8003,"2,000.000",Posted
2026-04-01,PBNK3/2026/00017,Bank Fees,BILL/2026/04/0061,Bank-8003,20.000,Posted
2026-04-01,PBNK1/2026/00244,Suspense JV,BILL/2026/04/0002,Bank-8001,220.000,Posted
2026-04-01,PBNK1/2026/00140,Deema Fawaz AlAdwani,BILL/2026/04/0001,Bank-8001,200.000,Posted
2026-04-01,PBNK1/2026/00139,Misc JV,BILL/2026/04/0003,Bank-8001,142.000,Posted
2026-04-01,PBNK1/2026/00138,Suspense JV,BILL/2026/04/0004,Bank-8001,250.000,Posted
2026-04-01,PBNK1/2026/00137,Suspense JV,BILL/2026/04/0005,Bank-8001,800.000,Posted
2026-04-01,PBNK1/2026/00080,Bank Fees,BILL/2026/04/0064,Bank-8002,20.000,Posted
2026-04-01,PBNK1/2026/00078,Intercompany Transfers,BILL/2026/04/0069,Bank-8002,"4,860.000",Posted
2026-04-01,PBNK1/2026/00077,Intercompany Transfers,BILL/2026/04/0069,Bank-8002,"4,870.000",Posted
2026-04-01,PBNK1/2026/00072,Intercompany Transfers,BILL/2026/04/0068,Bank-8002,200.000,Posted
2026-04-01,PBNK1/2026/00068,Intercompany Transfers,BILL/2026/04/0067,Bank-8002,0.000,Posted
2026-04-01,PBNK1/2026/00019,Sales JV,INV/2026/00005,Bank-8002,"37,950.289",Posted
2026-04-01,INV/2026/00005,Sales JV,BBYN-02,Sales,"37,950.289",Posted
2026-04-01,BILL/2026/04/0064,Bank Fees,,Purchases,-20.000,Posted
2026-04-01,BILL/2026/04/0062,Intercompany Transfers,,Purchases,"-2,000.000",Posted
2026-04-01,BILL/2026/04/0061,Bank Fees,,Purchases,-20.000,Posted
2026-04-01,BILL/2026/04/0005,Suspense JV,,Purchases,-800.000,Posted
2026-04-01,BILL/2026/04/0004,Suspense JV,,Purchases,-250.000,Posted
2026-04-01,BILL/2026/04/0003,Misc JV,,Purchases,-142.000,Posted
2026-04-01,BILL/2026/04/0002,Suspense JV,,Purchases,-220.000,Posted
2026-04-01,BILL/2026/04/0001,Deema Fawaz AlAdwani,,Purchases,-200.000,Posted
2026-03-31,PBNK3/2026/00013,Sales JV,INV/2026/00014,Bank-8003,"8,114.360",Posted
2026-03-31,PBNK1/2026/00242,Ali Bahaa,BILL/2026/03/0046,Bank-8001,0.000,Posted
2026-03-31,PBNK1/2026/00065,Intercompany Transfers,BILL/2026/03/0058,Bank-8002,"2,500.000",Posted
2026-03-31,PBNK1/2026/00053,Bank Fees,BILL/2026/03/0053,Bank-8002,61.750,Posted
2026-03-31,MISC/2026/03/0001,,leave and Indemnity for the month,Miscellaneous Operations,999.743,Posted
2026-03-31,INV/2026/00014,Sales JV,,Sales,"8,114.360",Posted
2026-03-31,BILL/2026/03/0058,Intercompany Transfers,,Purchases,"-2,500.000",Posted
2026-03-31,BILL/2026/03/0053,Bank Fees,,Purchases,-61.750,Posted
2026-03-31,BILL/2026/03/0048,Staff Expenses JV,0326,Purchases,"-9,706.000",Posted
2026-03-31,BILL/2026/03/0047,Deema Fawaz AlAdwani,,Purchases,"-1,100.135",Posted
2026-03-29,PBNK3/2026/00020,Bank Fees,BILL/2026/03/0051,Bank-8003,0.250,Posted
2026-03-29,PBNK1/2026/00142,Misc JV,BILL/2026/03/0043,Bank-8001,460.000,Posted
2026-03-29,PBNK1/2026/00141,Misc JV,BILL/2026/03/0044,Bank-8001,75.000,Posted
2026-03-29,PBNK1/2026/00063,Intercompany Transfers,BILL/2026/03/0056,Bank-8002,"10,000.000",Posted
2026-03-29,PBNK1/2026/00062,Intercompany Transfers,BILL/2026/03/0055,Bank-8002,500.000,Posted
2026-03-29,BILL/2026/03/0056,Intercompany Transfers,,Purchases,"-10,000.000",Posted
2026-03-29,BILL/2026/03/0055,Intercompany Transfers,,Purchases,"-17,120.000",Posted
2026-03-29,BILL/2026/03/0051,Bank Fees,,Purchases,-0.250,Posted
2026-03-29,BILL/2026/03/0044,Misc JV,,Purchases,-75.000,Posted
2026-03-29,BILL/2026/03/0043,Misc JV,,Purchases,-460.000,Posted
2026-03-27,PBNK1/2026/00144,Rental JV,BILL/2026/03/0036,Bank-8001,450.000,Posted
2026-03-27,PBNK1/2026/00143,Misc JV,BILL/2026/03/0042,Bank-8001,125.000,Posted
2026-03-27,PBNK1/2026/00061,Intercompany Transfers,BILL/2026/03/0055,Bank-8002,"1,000.000",Posted
2026-03-27,BILL/2026/03/0042,Misc JV,,Purchases,-125.000,Posted
2026-03-27,BILL/2026/03/0036,Rental JV,,Purchases,-450.000,Posted
2026-03-25,PBNK1/2026/00147,Misc JV,BILL/2026/03/0039,Bank-8001,57.750,Posted
2026-03-25,PBNK1/2026/00146,Misc JV,BILL/2026/03/0040,Bank-8001,15.750,Posted
2026-03-25,PBNK1/2026/00145,Misc JV,BILL/2026/03/0041,Bank-8001,503.720,Posted
2026-03-25,PBNK1/2026/00060,Intercompany Transfers,BILL/2026/03/0055,Bank-8002,520.000,Posted
2026-03-25,BILL/2026/03/0041,Misc JV,,Purchases,-503.720,Posted
2026-03-25,BILL/2026/03/0040,Misc JV,,Purchases,-15.750,Posted
2026-03-25,BILL/2026/03/0039,Misc JV,,Purchases,-57.750,Posted
2026-03-24,PBNK1/2026/00237,Misc JV,BILL/2026/03/0038,Bank-8001,8.000,Posted
2026-03-24,PBNK1/2026/00236,Misc JV,BILL/2026/03/0037,Bank-8001,24.000,Posted
2026-03-24,BILL/2026/03/0038,Misc JV,,Purchases,-8.000,Posted
2026-03-24,BILL/2026/03/0037,Misc JV,,Purchases,-24.000,Posted
2026-03-20,PBNK1/2026/00235,Misc JV,BILL/2026/03/0034,Bank-8001,32.000,Posted
2026-03-20,PBNK1/2026/00148,Misc JV,BILL/2026/03/0035,Bank-8001,460.000,Posted
2026-03-20,PBNK1/2026/00059,Intercompany Transfers,BILL/2026/03/0055,Bank-8002,500.000,Posted
2026-03-20,BILL/2026/03/0035,Misc JV,,Purchases,-460.000,Posted
2026-03-20,BILL/2026/03/0034,Misc JV,,Purchases,-32.000,Posted
2026-03-17,PCSH2/2026/00005,Ali Bahaa,BILL/2026/03/0046,Cash-Ali,57.750,Posted
2026-03-16,BILL/2026/03/0046,Ali Bahaa,,Purchases,-57.750,Posted
2026-03-15,PCSH2/2026/00004,Ali Bahaa,BILL/2026/02/0019,Cash-Ali,506.885,Posted
2026-03-15,PBNK1/2026/00241,Ali Bahaa,BILL/2026/02/0019,Bank-8001,0.000,Posted
2026-03-14,PBNK1/2026/00234,Misc JV,BILL/2026/03/0032,Bank-8001,25.250,Posted
2026-03-14,PBNK1/2026/00233,Misc JV,BILL/2026/03/0031,Bank-8001,30.000,Posted
2026-03-14,PBNK1/2026/00232,Misc JV,BILL/2026/03/0030,Bank-8001,20.000,Posted
2026-03-14,PBNK1/2026/00231,Misc JV,BILL/2026/03/0029,Bank-8001,21.000,Posted
2026-03-14,PBNK1/2026/00230,Misc JV,BILL/2026/03/0028,Bank-8001,51.624,Posted
2026-03-14,PBNK1/2026/00229,Misc JV,BILL/2026/03/0027,Bank-8001,96.000,Posted
2026-03-14,PBNK1/2026/00228,Misc JV,BILL/2026/03/0026,Bank-8001,58.820,Posted
2026-03-14,PBNK1/2026/00149,Misc JV,BILL/2026/03/0033,Bank-8001,180.000,Posted
2026-03-14,PBNK1/2026/00058,Intercompany Transfers,BILL/2026/03/0055,Bank-8002,500.000,Posted
2026-03-14,BILL/2026/03/0033,Misc JV,,Purchases,-180.000,Posted
2026-03-14,BILL/2026/03/0032,Misc JV,,Purchases,-25.250,Posted
2026-03-14,BILL/2026/03/0031,Misc JV,,Purchases,-30.000,Posted
2026-03-14,BILL/2026/03/0030,Misc JV,,Purchases,-20.000,Posted
2026-03-14,BILL/2026/03/0029,Misc JV,,Purchases,-21.000,Posted
2026-03-14,BILL/2026/03/0028,Misc JV,,Purchases,-51.624,Posted
2026-03-14,BILL/2026/03/0027,Misc JV,,Purchases,-96.000,Posted
2026-03-14,BILL/2026/03/0026,Misc JV,,Purchases,-58.820,Posted
2026-03-13,PBNK1/2026/00227,Misc JV,BILL/2026/03/0025,Bank-8001,37.500,Posted
2026-03-13,PBNK1/2026/00226,Misc JV,BILL/2026/03/0024,Bank-8001,56.000,Posted
2026-03-13,BILL/2026/03/0025,Misc JV,,Purchases,-37.500,Posted
2026-03-13,BILL/2026/03/0024,Misc JV,,Purchases,-56.000,Posted
2026-03-11,PBNK1/2026/00150,Misc JV,BILL/2026/03/0023,Bank-8001,460.000,Posted
2026-03-11,MISC/2026/03/0002,,Fund transferred to petty cash,Miscellaneous Operations,58.820,Posted
2026-03-11,BILL/2026/03/0023,Misc JV,,Purchases,-460.000,Posted
2026-03-08,PBNK1/2026/00151,Deema Fawaz AlAdwani,BILL/2026/03/0045,Bank-8001,250.000,Posted
2026-03-08,BILL/2026/03/0045,Deema Fawaz AlAdwani,,Purchases,-250.000,Posted
2026-03-07,PBNK3/2026/00015,Intercompany Transfers,BILL/2026/03/0050,Bank-8003,"2,000.000",Posted
2026-03-07,PBNK1/2026/00152,SPA AND MORE FOR GENERAL TRADING COMPANY WLL,BILL/2026/03/0022,Bank-8001,"2,000.000",Posted
2026-03-07,BILL/2026/03/0050,Intercompany Transfers,,Purchases,"-2,000.000",Posted
2026-03-05,PBNK1/2026/00225,Misc JV,BILL/2026/03/0020,Bank-8001,6.000,Posted
2026-03-05,PBNK1/2026/00224,Misc JV,BILL/2026/03/0019,Bank-8001,80.000,Posted
2026-03-05,PBNK1/2026/00223,Misc JV,BILL/2026/03/0018,Bank-8001,30.000,Posted
2026-03-05,PBNK1/2026/00222,Misc JV,BILL/2026/03/0017,Bank-8001,399.420,Posted
2026-03-05,PBNK1/2026/00221,Misc JV,BILL/2026/03/0016,Bank-8001,60.000,Posted
2026-03-05,PBNK1/2026/00154,Misc JV,BILL/2026/03/0015,Bank-8001,800.000,Posted
2026-03-05,PBNK1/2026/00153,Rental JV,BILL/2026/03/0021,Bank-8001,280.000,Posted
2026-03-05,PBNK1/2026/00057,Intercompany Transfers,BILL/2026/03/0055,Bank-8002,900.000,Posted
2026-03-05,BILL/2026/03/0021,Rental JV,,Purchases,-280.000,Posted
2026-03-05,BILL/2026/03/0020,Misc JV,,Purchases,-6.000,Posted
2026-03-05,BILL/2026/03/0019,Misc JV,,Purchases,-80.000,Posted
2026-03-05,BILL/2026/03/0018,Misc JV,,Purchases,-30.000,Posted
2026-03-05,BILL/2026/03/0017,Misc JV,,Purchases,-399.420,Posted
2026-03-05,BILL/2026/03/0016,Misc JV,,Purchases,-60.000,Posted
2026-03-05,BILL/2026/03/0015,Misc JV,,Purchases,-800.000,Posted
2026-03-04,PBNK1/2026/00220,Misc JV,BILL/2026/03/0013,Bank-8001,500.000,Posted
2026-03-04,PBNK1/2026/00155,Misc JV,BILL/2026/03/0014,Bank-8001,142.000,Posted
2026-03-04,PBNK1/2026/00054,Deema Fawaz AlAdwani,BILL/2026/03/0054,Bank-8002,200.000,Posted
2026-03-04,BILL/2026/03/0054,Deema Fawaz AlAdwani,,Purchases,-200.000,Posted
2026-03-04,BILL/2026/03/0014,Misc JV,,Purchases,-142.000,Posted
2026-03-04,BILL/2026/03/0013,Misc JV,,Purchases,-500.000,Posted
2026-03-03,PBNK1/2026/00157,Misc JV,BILL/2026/03/0011,Bank-8001,250.000,Posted
2026-03-03,PBNK1/2026/00156,Rental JV,BILL/2026/03/0012,Bank-8001,"5,300.000",Posted
2026-03-03,PBNK1/2026/00056,Intercompany Transfers,BILL/2026/03/0055,Bank-8002,"7,200.000",Posted
2026-03-03,BILL/2026/03/0012,Rental JV,,Purchases,"-5,300.000",Posted
2026-03-03,BILL/2026/03/0011,Misc JV,,Purchases,-250.000,Posted
2026-03-02,PBNK1/2026/00219,Misc JV,BILL/2026/03/0009,Bank-8001,600.000,Posted
2026-03-02,PBNK1/2026/00218,Misc JV,BILL/2026/03/0008,Bank-8001,846.000,Posted
2026-03-02,PBNK1/2026/00217,Misc JV,BILL/2026/03/0007,Bank-8001,185.000,Posted
2026-03-02,PBNK1/2026/00216,Misc JV,BILL/2026/03/0006,Bank-8001,365.000,Posted
2026-03-02,PBNK1/2026/00215,Misc JV,BILL/2026/03/0005,Bank-8001,400.000,Posted
2026-03-02,PBNK1/2026/00214,Misc JV,BILL/2026/03/0004,Bank-8001,800.000,Posted
2026-03-02,PBNK1/2026/00213,Misc JV,BILL/2026/03/0003,Bank-8001,800.000,Posted
2026-03-02,PBNK1/2026/00212,Misc JV,BILL/2026/03/0002,Bank-8001,345.000,Posted
2026-03-02,PBNK1/2026/00211,Misc JV,BILL/2026/03/0001,Bank-8001,150.000,Posted
2026-03-02,PBNK1/2026/00158,Misc JV,BILL/2026/03/0010,Bank-8001,"1,000.000",Posted
2026-03-02,PBNK1/2026/00064,Intercompany Transfers,BILL/2026/03/0057,Bank-8002,"4,424.000",Posted
2026-03-02,PBNK1/2026/00055,Intercompany Transfers,BILL/2026/03/0055,Bank-8002,"6,000.000",Posted
2026-03-02,BILL/2026/03/0057,Intercompany Transfers,,Purchases,"-4,424.000",Posted
2026-03-02,BILL/2026/03/0010,Misc JV,,Purchases,"-1,000.000",Posted
2026-03-02,BILL/2026/03/0009,Misc JV,,Purchases,-600.000,Posted
2026-03-02,BILL/2026/03/0008,Misc JV,,Purchases,-846.000,Posted
2026-03-02,BILL/2026/03/0007,Misc JV,,Purchases,-185.000,Posted
2026-03-02,BILL/2026/03/0006,Misc JV,,Purchases,-365.000,Posted
2026-03-02,BILL/2026/03/0005,Misc JV,,Purchases,-400.000,Posted
2026-03-02,BILL/2026/03/0004,Misc JV,,Purchases,-800.000,Posted
2026-03-02,BILL/2026/03/0003,Misc JV,,Purchases,-800.000,Posted
2026-03-02,BILL/2026/03/0002,Misc JV,,Purchases,-345.000,Posted
2026-03-02,BILL/2026/03/0001,Misc JV,,Purchases,-150.000,Posted
2026-03-01,PCSH3/2026/00015,Staff Expenses JV,0226,Cash-Fahad,"10,203.219",Posted
2026-03-01,PBNK3/2026/00014,Bank Fees,BILL/2026/03/0049,Bank-8003,20.000,Posted
2026-03-01,PBNK1/2026/00052,Bank Fees,BILL/2026/03/0052,Bank-8002,20.000,Posted
2026-03-01,PBNK1/2026/00018,Sales JV,INV/2026/00004,Bank-8002,"26,933.785",Posted
2026-03-01,INV/2026/00004,Sales JV,BBYN-02,Sales,"26,933.785",Posted
2026-03-01,BILL/2026/03/0052,Bank Fees,,Purchases,-20.000,Posted
2026-03-01,BILL/2026/03/0049,Bank Fees,,Purchases,-20.000,Posted
2026-02-28,PBNK3/2026/00009,Sales JV,INV/2026/00015,Bank-8003,"6,387.730",Posted
2026-02-28,PBNK1/2026/00159,Misc JV,BILL/2026/02/0017,Bank-8001,585.000,Posted
2026-02-28,PBNK1/2026/00050,Intercompany Transfers,BILL/2026/02/0028,Bank-8002,500.000,Posted
2026-02-28,PBNK1/2026/00039,Bank Fees,BILL/2026/02/0025,Bank-8002,51.500,Posted
2026-02-28,MISC/2026/02/0001,,leave and Indemnity for the month,Miscellaneous Operations,999.743,Posted
2026-02-28,INV/2026/00015,Sales JV,,Sales,"6,387.730",Posted
2026-02-28,BILL/2026/02/0028,Intercompany Transfers,,Purchases,"-19,760.000",Posted
2026-02-28,BILL/2026/02/0025,Bank Fees,,Purchases,-51.500,Posted
2026-02-28,BILL/2026/02/0020,Staff Expenses JV,0226,Purchases,"-10,203.219",Posted
2026-02-28,BILL/2026/02/0017,Misc JV,,Purchases,-585.000,Posted
2026-02-23,PBNK1/2026/00210,Misc JV,BILL/2026/02/0016,Bank-8001,500.000,Posted
2026-02-23,PBNK1/2026/00049,Intercompany Transfers,BILL/2026/02/0028,Bank-8002,500.000,Posted
2026-02-23,BILL/2026/02/0016,NAZIH INTERNATIONAL GEN. TRAD. CO WLL.,,Purchases,-500.000,Posted
2026-02-21,MISC/2026/02/0002,,Fund transferred to petty cash,Miscellaneous Operations,119.000,Posted
2026-02-18,PBNK1/2026/00160,Misc JV,BILL/2026/02/0015,Bank-8001,460.000,Posted
2026-02-18,PBNK1/2026/00048,Intercompany Transfers,BILL/2026/02/0028,Bank-8002,460.000,Posted
2026-02-18,BILL/2026/02/0015,Misc JV,,Purchases,-460.000,Posted
2026-02-15,PCSH1/2026/00025,Misc JV,BILL/2026/02/0030,Cash-Deema,"2,450.000",Posted
2026-02-15,PBNK1/2026/00043,Deema Fawaz AlAdwani,BILL/2026/02/0026,Bank-8002,250.000,Posted
2026-02-15,BILL/2026/02/0026,Deema Fawaz AlAdwani,,Purchases,"-2,450.000",Posted
2026-02-14,PBNK1/2026/00209,Misc JV,BILL/2026/02/0014,Bank-8001,8.000,Posted
2026-02-14,BILL/2026/02/0014,Intercompany Transfers,,Purchases,-8.000,Posted
2026-02-13,PBNK1/2026/00208,Misc JV,BILL/2026/02/0014,Bank-8001,0.000,Posted
2026-02-10,PBNK1/2026/00161,Misc JV,BILL/2026/02/0013,Bank-8001,460.000,Posted
2026-02-10,PBNK1/2026/00047,Intercompany Transfers,BILL/2026/02/0028,Bank-8002,500.000,Posted
2026-02-10,PBNK1/2026/00042,Deema Fawaz AlAdwani,BILL/2026/02/0026,Bank-8002,250.000,Posted
2026-02-10,BILL/2026/02/0019,Ali Bahaa,,Purchases,-506.885,Posted
2026-02-10,BILL/2026/02/0013,Misc JV,,Purchases,-460.000,Posted
2026-02-09,PCSH2/2026/00003,Ali Bahaa,BILL/2026/01/0034,Cash-Ali,138.280,Posted
2026-02-07,PBNK1/2026/00040,Deema Fawaz AlAdwani,BILL/2026/02/0026,Bank-8002,700.000,Posted
2026-02-05,PBNK1/2026/00041,Deema Fawaz AlAdwani,BILL/2026/02/0026,Bank-8002,"1,250.000",Posted
2026-02-04,PBNK1/2026/00207,Misc JV,BILL/2026/02/0012,Bank-8001,30.000,Posted
2026-02-04,PBNK1/2026/00162,SPA AND MORE FOR GENERAL TRADING COMPANY WLL,BILL/2026/02/0011,Bank-8001,"2,000.000",Posted
2026-02-04,PBNK1/2026/00046,Intercompany Transfers,BILL/2026/02/0028,Bank-8002,"2,000.000",Posted
2026-02-04,PBNK1/2026/00044,Intercompany Transfers,BILL/2026/02/0027,Bank-8002,800.000,Posted
2026-02-04,BILL/2026/02/0027,Intercompany Transfers,,Purchases,-800.000,Posted
2026-02-04,BILL/2026/02/0012,Misc JV,,Purchases,-30.000,Posted
2026-02-03,PBNK1/2026/00206,Misc JV,BILL/2026/02/0009,Bank-8001,125.000,Posted
2026-02-03,PBNK1/2026/00163,Rental JV,BILL/2026/02/0010,Bank-8001,280.000,Posted
2026-02-03,BILL/2026/02/0010,Rental JV,,Purchases,-280.000,Posted
2026-02-03,BILL/2026/02/0009,Misc JV,,Purchases,-125.000,Posted
2026-02-02,PBNK3/2026/00012,Intercompany Transfers,BILL/2026/02/0023,Bank-8003,"3,114.000",Posted
2026-02-02,BILL/2026/02/0023,Intercompany Transfers,,Purchases,"-3,114.000",Posted
2026-02-01,PCSH3/2026/00016,Staff Expenses JV,0126,Cash-Fahad,"9,634.076",Posted
2026-02-01,PBNK3/2026/00011,Bank Fees,BILL/2026/02/0022,Bank-8003,20.000,Posted
2026-02-01,PBNK3/2026/00010,Intercompany Transfers,BILL/2026/02/0021,Bank-8003,"1,000.000",Posted
2026-02-01,PBNK1/2026/00205,Misc JV,BILL/2026/02/0018,Bank-8001,240.000,Posted
2026-02-01,PBNK1/2026/00171,Rental JV,BILL/2026/02/0001,Bank-8001,400.000,Posted
2026-02-01,PBNK1/2026/00170,Rental JV,BILL/2026/02/0002,Bank-8001,350.000,Posted
2026-02-01,PBNK1/2026/00169,Rental JV,BILL/2026/02/0003,Bank-8001,"2,750.000",Posted
2026-02-01,PBNK1/2026/00168,Rental JV,BILL/2026/02/0004,Bank-8001,800.000,Posted
2026-02-01,PBNK1/2026/00167,Misc JV,BILL/2026/02/0005,Bank-8001,250.000,Posted
2026-02-01,PBNK1/2026/00166,Rental JV,BILL/2026/02/0006,Bank-8001,"1,000.000",Posted
2026-02-01,PBNK1/2026/00165,Misc JV,BILL/2026/02/0007,Bank-8001,800.000,Posted
2026-02-01,PBNK1/2026/00164,Misc JV,BILL/2026/02/0008,Bank-8001,"13,000.000",Posted
2026-02-01,PBNK1/2026/00051,Intercompany Transfers,BILL/2026/02/0029,Bank-8002,"6,536.000",Posted
2026-02-01,PBNK1/2026/00045,Intercompany Transfers,BILL/2026/02/0028,Bank-8002,"15,800.000",Posted
2026-02-01,PBNK1/2026/00038,Bank Fees,BILL/2026/02/0024,Bank-8002,20.000,Posted
2026-02-01,PBNK1/2026/00017,Sales JV,INV/2026/00003,Bank-8002,"25,470.831",Posted
2026-02-01,INV/2026/00003,Sales JV,BBYN-02,Sales,"25,470.831",Posted
2026-02-01,BILL/2026/02/0029,Intercompany Transfers,,Purchases,"-6,536.000",Posted
2026-02-01,BILL/2026/02/0024,Bank Fees,,Purchases,-20.000,Posted
2026-02-01,BILL/2026/02/0022,Bank Fees,,Purchases,-20.000,Posted
2026-02-01,BILL/2026/02/0021,Intercompany Transfers,,Purchases,"-1,000.000",Posted
2026-02-01,BILL/2026/02/0018,Misc JV,,Purchases,-240.000,Posted
2026-02-01,BILL/2026/02/0008,Misc JV,,Purchases,"-13,000.000",Posted
2026-02-01,BILL/2026/02/0007,Misc JV,,Purchases,-800.000,Posted
2026-02-01,BILL/2026/02/0006,Rental JV,,Purchases,"-1,000.000",Posted
2026-02-01,BILL/2026/02/0005,Misc JV,,Purchases,-250.000,Posted
2026-02-01,BILL/2026/02/0004,Rental JV,,Purchases,-800.000,Posted
2026-02-01,BILL/2026/02/0003,Rental JV,,Purchases,"-2,750.000",Posted
2026-02-01,BILL/2026/02/0002,Rental JV,,Purchases,-350.000,Posted
2026-02-01,BILL/2026/02/0001,Rental JV,,Purchases,-400.000,Posted
2026-01-31,PCSH2/2026/00002,Ali Bahaa,BILL/2026/01/0033,Cash-Ali,692.150,Posted
2026-01-31,PBNK3/2026/00006,Sales JV,INV/2026/00016,Bank-8003,"8,249.710",Posted
2026-01-31,PBNK1/2026/00240,Ali Bahaa,BILL/2026/01/0034,Bank-8001,0.000,Posted
2026-01-31,PBNK1/2026/00024,Bank Fees,BILL/2026/01/0039,Bank-8002,62.000,Posted
2026-01-31,MISC/2026/01/0002,,Leave & Indemnity for the month,Miscellaneous Operations,999.743,Posted
2026-01-31,BILL/2026/01/0039,Bank Fees,,Purchases,-62.000,Posted
2026-01-31,BILL/2026/01/0035,Staff Expenses JV,0126,Purchases,"-9,634.076",Posted
2026-01-29,PBNK1/2026/00173,Misc JV,BILL/2026/01/0029,Bank-8001,24.000,Posted
2026-01-29,BILL/2026/01/0029,Misc JV,,Purchases,-24.000,Posted
2026-01-28,PBNK1/2026/00172,Misc JV,BILL/2026/01/0028,Bank-8001,585.000,Posted
2026-01-28,BILL/2026/01/0034,Ali Bahaa,,Purchases,-138.280,Posted
2026-01-28,BILL/2026/01/0028,Misc JV,,Purchases,-585.000,Posted
2026-01-26,PCSH1/2026/00024,Misc JV,BILL/2026/01/0045,Cash-Deema,"1,500.000",Posted
2026-01-26,PBNK1/2026/00028,Deema Fawaz AlAdwani,BILL/2026/01/0041,Bank-8002,250.000,Posted
2026-01-26,BILL/2026/01/0041,Deema Fawaz AlAdwani,,Purchases,"-1,500.000",Posted
2026-01-25,PBNK1/2026/00027,Deema Fawaz AlAdwani,BILL/2026/01/0041,Bank-8002,250.000,Posted
2026-01-24,MISC/2026/01/0003,,Fund transferred to petty cash,Miscellaneous Operations,943.500,Posted
2026-01-22,PBNK1/2026/00174,Misc JV,BILL/2026/01/0027,Bank-8001,300.000,Posted
2026-01-22,PBNK1/2026/00026,Deema Fawaz AlAdwani,BILL/2026/01/0041,Bank-8002,"1,000.000",Posted
2026-01-22,BILL/2026/01/0027,Misc JV,,Purchases,-300.000,Posted
2026-01-21,PBNK1/2026/00177,Misc JV,BILL/2026/01/0024,Bank-8001,38.000,Posted
2026-01-21,PBNK1/2026/00176,Misc JV,BILL/2026/01/0025,Bank-8001,500.000,Posted
2026-01-21,PBNK1/2026/00175,Misc JV,BILL/2026/01/0026,Bank-8001,"2,720.000",Posted
2026-01-21,PBNK1/2026/00036,Intercompany Transfers,BILL/2026/01/0042,Bank-8002,589.000,Posted
2026-01-21,BILL/2026/01/0042,Intercompany Transfers,,Purchases,"-20,489.250",Posted
2026-01-21,BILL/2026/01/0026,Misc JV,,Purchases,"-2,720.000",Posted
2026-01-21,BILL/2026/01/0025,Misc JV,,Purchases,-500.000,Posted
2026-01-21,BILL/2026/01/0024,Misc JV,,Purchases,-38.000,Posted
2026-01-18,PBNK1/2026/00180,Misc JV,BILL/2026/01/0021,Bank-8001,460.000,Posted
2026-01-18,PBNK1/2026/00179,Misc JV,BILL/2026/01/0022,Bank-8001,60.000,Posted
2026-01-18,PBNK1/2026/00178,Misc JV,BILL/2026/01/0023,Bank-8001,34.000,Posted
2026-01-18,PBNK1/2026/00035,Intercompany Transfers,BILL/2026/01/0042,Bank-8002,520.000,Posted
2026-01-18,BILL/2026/01/0023,Misc JV,,Purchases,-34.000,Posted
2026-01-18,BILL/2026/01/0022,Misc JV,,Purchases,-60.000,Posted
2026-01-18,BILL/2026/01/0021,Misc JV,,Purchases,-460.000,Posted
2026-01-17,PBNK1/2026/00181,Misc JV,BILL/2026/01/0020,Bank-8001,418.000,Posted
2026-01-17,PBNK1/2026/00034,Intercompany Transfers,BILL/2026/01/0042,Bank-8002,418.250,Posted
2026-01-17,BILL/2026/01/0020,Blue Diamond plus Co.,,Purchases,-418.000,Posted
2026-01-13,PBNK1/2026/00187,Misc JV,BILL/2026/01/0014,Bank-8001,525.000,Posted
2026-01-13,PBNK1/2026/00186,Misc JV,BILL/2026/01/0015,Bank-8001,490.000,Posted
2026-01-13,PBNK1/2026/00185,Misc JV,BILL/2026/01/0016,Bank-8001,190.000,Posted
2026-01-13,PBNK1/2026/00184,Misc JV,BILL/2026/01/0017,Bank-8001,15.000,Posted
2026-01-13,PBNK1/2026/00183,Misc JV,BILL/2026/01/0018,Bank-8001,327.000,Posted
2026-01-13,PBNK1/2026/00182,Rental JV,BILL/2026/01/0019,Bank-8001,450.000,Posted
2026-01-13,BILL/2026/01/0019,Rental JV,,Purchases,-450.000,Posted
2026-01-13,BILL/2026/01/0018,Intercompany Transfers,,Purchases,-327.000,Posted
2026-01-13,BILL/2026/01/0017,Misc JV,,Purchases,-15.000,Posted
2026-01-13,BILL/2026/01/0016,Misc JV,,Purchases,-190.000,Posted
2026-01-13,BILL/2026/01/0015,Intercompany Transfers,,Purchases,-490.000,Posted
2026-01-13,BILL/2026/01/0014,Intercompany Transfers,,Purchases,-525.000,Posted
2026-01-12,PBNK1/2026/00188,Misc JV,BILL/2026/01/0013,Bank-8001,"5,000.000",Posted
2026-01-12,BILL/2026/01/0013,Misc JV,,Purchases,"-5,000.000",Posted
2026-01-11,PBNK1/2026/00189,Bank Fees,BILL/2026/01/0030,Bank-8001,0.250,Posted
2026-01-11,MISC2/2026/01/0001,,,Interncompany Transfers,"4,000.000",Posted
2026-01-11,MISC/2026/01/0001,,Fund Rcvd back from  Saudi,Miscellaneous Operations,"5,000.000",Posted
2026-01-11,BILL/2026/01/0030,Bank Fees,,Purchases,-0.250,Posted
2026-01-08,PCSH1/2026/00023,Misc JV,BILL/2026/01/0044,Cash-Deema,495.000,Posted
2026-01-08,PBNK1/2026/00192,Misc JV,BILL/2026/01/0012,Bank-8001,"5,000.000",Posted
2026-01-08,PBNK1/2026/00191,Bank Fees,BILL/2026/01/0032,Bank-8001,5.000,Posted
2026-01-08,PBNK1/2026/00190,Deema Fawaz AlAdwani,BILL/2026/01/0031,Bank-8001,495.000,Posted
2026-01-08,PBNK1/2026/00033,Intercompany Transfers,BILL/2026/01/0042,Bank-8002,500.000,Posted
2026-01-08,BILL/2026/01/0032,Bank Fees,,Purchases,-5.000,Posted
2026-01-08,BILL/2026/01/0031,Deema Fawaz AlAdwani,,Purchases,-495.000,Posted
2026-01-08,BILL/2026/01/0012,Misc JV,,Purchases,"-5,000.000",Posted
2026-01-07,PBNK3/2026/00008,Intercompany Transfers,BILL/2026/01/0037,Bank-8003,"7,500.000",Posted
2026-01-07,PBNK1/2026/00195,Suspense JV,BILL/2026/01/0009,Bank-8001,522.000,Posted
2026-01-07,PBNK1/2026/00194,SPA AND MORE FOR GENERAL TRADING COMPANY WLL,BILL/2026/01/0010,Bank-8001,"2,000.000",Posted
2026-01-07,PBNK1/2026/00193,Misc JV,BILL/2026/01/0011,Bank-8001,460.000,Posted
2026-01-07,PBNK1/2026/00032,Intercompany Transfers,BILL/2026/01/0042,Bank-8002,"5,462.000",Posted
2026-01-07,BILL/2026/01/0037,Intercompany Transfers,,Purchases,"-7,500.000",Posted
2026-01-07,BILL/2026/01/0011,Misc JV,,Purchases,-460.000,Posted
2026-01-07,BILL/2026/01/0009,Suspense JV,,Purchases,-522.000,Posted
2026-01-04,PBNK3/2026/00007,Bank Fees,BILL/2026/01/0036,Bank-8003,20.000,Posted
2026-01-04,PBNK1/2026/00200,Suspense JV,BILL/2026/01/0004,Bank-8001,556.000,Posted
2026-01-04,PBNK1/2026/00199,Suspense JV,BILL/2026/01/0005,Bank-8001,500.000,Posted
2026-01-04,PBNK1/2026/00198,Suspense JV,BILL/2026/01/0006,Bank-8001,29.145,Posted
2026-01-04,PBNK1/2026/00197,Suspense JV,BILL/2026/01/0007,Bank-8001,400.000,Posted
2026-01-04,PBNK1/2026/00196,Suspense JV,BILL/2026/01/0008,Bank-8001,400.000,Posted
2026-01-04,PBNK1/2026/00031,Intercompany Transfers,BILL/2026/01/0042,Bank-8002,"1,000.000",Posted
2026-01-04,PBNK1/2026/00023,Bank Fees,BILL/2026/01/0038,Bank-8002,20.000,Posted
2026-01-04,BILL/2026/01/0038,Bank Fees,,Purchases,-20.000,Posted
2026-01-04,BILL/2026/01/0036,Bank Fees,,Purchases,-20.000,Posted
2026-01-04,BILL/2026/01/0008,Intercompany Transfers,,Purchases,-400.000,Posted
2026-01-04,BILL/2026/01/0007,Intercompany Transfers,,Purchases,-400.000,Posted
2026-01-04,BILL/2026/01/0006,Intercompany Transfers,,Purchases,-29.145,Posted
2026-01-04,BILL/2026/01/0005,Suspense JV,,Purchases,-500.000,Posted
2026-01-04,BILL/2026/01/0004,Suspense JV,,Purchases,-556.000,Posted
2026-01-03,PBNK1/2026/00201,Rental JV,BILL/2026/01/0003,Bank-8001,"5,300.000",Posted
2026-01-03,PBNK1/2026/00030,Intercompany Transfers,BILL/2026/01/0042,Bank-8002,"2,000.000",Posted
2026-01-03,BILL/2026/01/0003,Rental JV,,Purchases,"-5,300.000",Posted
2026-01-01,PCSH3/2026/00017,Staff Expenses JV,1225,Cash-Fahad,"7,984.500",Posted
2026-01-01,PBNK1/2026/00204,Staff Expenses JV,BILL/2026/01/0001,Bank-8001,"4,761.680",Posted
2026-01-01,PBNK1/2026/00203,Misc JV,BILL/2026/01/0002,Bank-8001,"2,000.000",Posted
2026-01-01,PBNK1/2026/00037,Intercompany Transfers,BILL/2026/01/0043,Bank-8002,"2,363.000",Posted
2026-01-01,PBNK1/2026/00029,Intercompany Transfers,BILL/2026/01/0042,Bank-8002,"10,000.000",Posted
2026-01-01,PBNK1/2026/00025,Intercompany Transfers,BILL/2026/01/0040,Bank-8002,400.000,Posted
2026-01-01,PBNK1/2026/00016,Sales JV,INV/2026/00002,Bank-8002,"31,090.682",Posted
2026-01-01,INV/2026/00016,Sales JV,,Sales,"8,249.710",Posted
2026-01-01,INV/2026/00002,Sales JV,BBYN-02,Sales,"31,090.682",Posted
2026-01-01,BILL/2026/01/0043,Intercompany Transfers,,Purchases,"-2,363.000",Posted
2026-01-01,BILL/2026/01/0040,Intercompany Transfers,,Purchases,-400.000,Posted
2026-01-01,BILL/2026/01/0033,Ali Bahaa,,Purchases,-692.150,Posted
2026-01-01,BILL/2026/01/0001,Staff Expenses JV,,Purchases,"-4,761.680",Posted
2025-12-31,PCSH2/2025/00013,Ali Bahaa,Ali Bahaa,Cash-Ali,122.000,Posted
2025-12-31,PBNK1/2025/00040,Bank Fees,BILL/2025/12/0048,Bank-8002,61.250,Posted
2025-12-31,PBNK1/2025/00035,Misc JV,BILL/2025/12/0031,Bank-8001,408.000,Posted
2025-12-31,PBNK1/2025/00034,Misc JV,BILL/2025/12/0030,Bank-8001,449.000,Posted
2025-12-31,PBNK1/2025/00033,Misc JV,BILL/2025/12/0029,Bank-8001,123.000,Posted
2025-12-31,PBNK1/2025/00032,Misc JV,BILL/2025/12/0028,Bank-8001,250.000,Posted
2025-12-31,MISC/2025/12/0001,,leave and Indemnity for the month,Miscellaneous Operations,999.743,Posted
2025-12-31,BILL/2025/12/0058,Staff Expenses JV,1225,Purchases,"-7,984.500",Posted
2025-12-31,BILL/2025/12/0048,Bank Fees,,Purchases,-61.250,Posted
2025-12-31,BILL/2025/12/0031,Misc JV,,Purchases,-408.000,Posted
2025-12-31,BILL/2025/12/0030,Misc JV,,Purchases,-449.000,Posted
2025-12-31,BILL/2025/12/0029,Misc JV,,Purchases,-123.000,Posted
2025-12-31,BILL/2025/12/0028,Misc JV,,Purchases,-250.000,Posted
2025-12-31,BILL/2025/12/0022,Misc JV,,Purchases,-30.000,Posted
2025-12-30,PBNK1/2025/00039,Intercompany Transfers,BILL/2025/12/0047,Bank-8002,"2,500.000",Posted
2025-12-30,PBNK1/2025/00031,Misc JV,BILL/2025/12/0027,Bank-8001,14.000,Posted
2025-12-30,BILL/2025/12/0027,Misc JV,,Purchases,-14.000,Posted
2025-12-28,PBNK1/2025/00030,Misc JV,BILL/2025/12/0026,Bank-8001,24.000,Posted
2025-12-28,PBNK1/2025/00029,Misc JV,BILL/2025/12/0025,Bank-8001,585.000,Posted
2025-12-28,BILL/2025/12/0047,Intercompany Transfers,,Purchases,"-2,500.000",Posted
2025-12-28,BILL/2025/12/0026,Misc JV,,Purchases,-24.000,Posted
2025-12-28,BILL/2025/12/0025,Misc JV,,Purchases,-585.000,Posted
2025-12-26,PBNK1/2025/00038,Intercompany Transfers,BILL/2025/12/0046,Bank-8002,350.000,Posted
2025-12-24,PBNK1/2025/00037,Intercompany Transfers,BILL/2025/12/0045,Bank-8002,"1,800.000",Posted
2025-12-24,PBNK1/2025/00028,Misc JV,BILL/2025/12/0024,Bank-8001,200.000,Posted
2025-12-24,PBNK1/2025/00027,Misc JV,BILL/2025/12/0023,Bank-8001,675.000,Posted
2025-12-24,PBNK1/2025/00026,Misc JV,BILL/2025/12/0022,Bank-8001,30.000,Posted
2025-12-24,BILL/2025/12/0046,Intercompany Transfers,,Purchases,-350.000,Posted
2025-12-24,BILL/2025/12/0024,Misc JV,,Purchases,-200.000,Posted
2025-12-24,BILL/2025/12/0023,Misc JV,,Purchases,-675.000,Posted
2025-12-23,PBNK1/2025/00025,Rental JV,BILL/2025/12/0021,Bank-8001,280.000,Posted
2025-12-23,PBNK1/2025/00024,Misc JV,BILL/2025/12/0020,Bank-8001,150.000,Posted
2025-12-23,BILL/2025/12/0021,Rental JV,,Purchases,-280.000,Posted
2025-12-23,BILL/2025/12/0020,Misc JV,,Purchases,-150.000,Posted
2025-12-22,PCSH2/2025/00012,Ali Bahaa,Ali Bahaa,Cash-Ali,190.000,Posted
2025-12-22,PCSH2/2025/00011,Ali Bahaa,Ali Bahaa,Cash-Ali,710.500,Posted
2025-12-22,BILL/2025/12/0066,Ali Bahaa,Ali Bahaa,Purchases,-122.000,Posted
2025-12-22,BILL/2025/12/0065,Ali Bahaa,Ali Bahaa,Purchases,-190.000,Posted
2025-12-21,PBNK1/2025/00023,Misc JV,BILL/2025/12/0019,Bank-8001,370.000,Posted
2025-12-21,BILL/2025/12/0045,Intercompany Transfers,,Purchases,"-1,800.000",Posted
2025-12-21,BILL/2025/12/0019,Misc JV,,Purchases,-370.000,Posted
2025-12-20,PBNK1/2025/00036,Intercompany Transfers,BILL/2025/12/0044,Bank-8002,200.000,Posted
2025-12-19,PBNK1/2025/00022,Misc JV,BILL/2025/12/0018,Bank-8001,16.300,Posted
2025-12-19,PBNK1/2025/00021,Misc JV,BILL/2025/12/0017,Bank-8001,25.540,Posted
2025-12-19,BILL/2025/12/0018,Misc JV,,Purchases,-16.300,Posted
2025-12-19,BILL/2025/12/0017,Misc JV,,Purchases,-25.540,Posted
2025-12-18,PBNK1/2025/00035,Intercompany Transfers,BILL/2025/12/0044,Bank-8002,40.000,Posted
2025-12-18,PBNK1/2025/00034,Intercompany Transfers,BILL/2025/12/0043,Bank-8002,500.000,Posted
2025-12-18,PBNK1/2025/00020,Misc JV,BILL/2025/12/0016,Bank-8001,307.000,Posted
2025-12-18,BILL/2025/12/0044,Intercompany Transfers,,Purchases,-240.000,Posted
2025-12-18,BILL/2025/12/0043,Intercompany Transfers,,Purchases,-500.000,Posted
2025-12-18,BILL/2025/12/0016,Misc JV,,Purchases,-307.000,Posted
2025-12-16,PCSH2/2025/00010,Ali Bahaa,Ali Bahaa,Cash-Ali,50.500,Posted
2025-12-16,PCSH2/2025/00009,Ali Bahaa,Ali Bahaa,Cash-Ali,151.000,Posted
2025-12-16,PBNK1/2025/00033,Intercompany Transfers,BILL/2025/12/0042,Bank-8002,245.000,Posted
2025-12-16,PBNK1/2025/00019,Misc JV,BILL/2025/12/0015,Bank-8001,5.000,Posted
2025-12-16,MISC/2025/12/0002,,,Miscellaneous Operations,"1,593.000",Posted
2025-12-16,BILL/2025/12/0064,Ali Bahaa,Ali Bahaa,Purchases,-710.500,Posted
2025-12-16,BILL/2025/12/0063,Ali Bahaa,Ali Bahaa,Purchases,-50.500,Posted
2025-12-16,BILL/2025/12/0042,Intercompany Transfers,,Purchases,-245.000,Posted
2025-12-16,BILL/2025/12/0015,Misc JV,,Purchases,-5.000,Posted
2025-12-11,PCSH2/2025/00008,Ali Bahaa,Ali Bahaa,Cash-Ali,408.000,Posted
2025-12-11,PBNK1/2025/00060,Intercompany Transfers,BILL/2025/12/0059,Bank-8001,"2,000.000",Posted
2025-12-11,PBNK1/2025/00032,Bank Fees,BILL/2025/12/0041,Bank-8002,5.000,Posted
2025-12-11,PBNK1/2025/00031,Misc JV,BILL/2025/12/0040,Bank-8002,"3,713.678",Posted
2025-12-11,BILL/2025/12/0062,Ali Bahaa,Ali Bahaa,Purchases,-151.000,Posted
2025-12-11,BILL/2025/12/0059,Intercompany Transfers,,Purchases,"-2,000.000",Posted
2025-12-11,BILL/2025/12/0041,Bank Fees,,Purchases,-5.000,Posted
2025-12-11,BILL/2025/12/0040,Misc JV,,Purchases,"-3,713.678",Posted
2025-12-10,PBNK1/2025/00018,Misc JV,BILL/2025/12/0014,Bank-8001,300.000,Posted
2025-12-10,PBNK1/2025/00017,Misc JV,BILL/2025/12/0013,Bank-8001,38.000,Posted
2025-12-10,PBNK1/2025/00016,Misc JV,BILL/2025/12/0012,Bank-8001,500.000,Posted
2025-12-10,BILL/2025/12/0014,Misc JV,,Purchases,-300.000,Posted
2025-12-10,BILL/2025/12/0013,Misc JV,,Purchases,-38.000,Posted
2025-12-10,BILL/2025/12/0012,Misc JV,,Purchases,-500.000,Posted
2025-12-09,PBNK1/2025/00030,Intercompany Transfers,BILL/2025/12/0039,Bank-8002,"3,371.000",Posted
2025-12-09,PBNK1/2025/00015,Misc JV,BILL/2025/12/0011,Bank-8001,84.000,Posted
2025-12-09,PBNK1/2025/00014,SPA AND MORE FOR GENERAL TRADING COMPANY WLL,BILL/2025/12/0010,Bank-8001,"2,000.000",Posted
2025-12-09,PBNK1/2025/00013,Misc JV,BILL/2025/12/0009,Bank-8001,493.275,Posted
2025-12-09,BILL/2025/12/0039,Intercompany Transfers,,Purchases,"-3,371.000",Posted
2025-12-09,BILL/2025/12/0011,Misc JV,,Purchases,-84.000,Posted
2025-12-09,BILL/2025/12/0009,Misc JV,,Purchases,-493.275,Posted
2025-12-08,PCSH2/2025/00007,Ali Bahaa,Ali Bahaa,Cash-Ali,300.000,Posted
2025-12-08,PBNK1/2025/00012,Misc JV,BILL/2025/12/0008,Bank-8001,250.000,Posted
2025-12-08,PBNK1/2025/00011,Misc JV,BILL/2025/12/0007,Bank-8001,307.000,Posted
2025-12-08,PBNK1/2025/00010,Misc JV,BILL/2025/12/0006,Bank-8001,200.000,Posted
2025-12-08,PBNK1/2025/00009,Misc JV,BILL/2025/12/0005,Bank-8001,120.000,Posted
2025-12-08,BILL/2025/12/0061,Ali Bahaa,Ali Bahaa,Purchases,-408.000,Posted
2025-12-08,BILL/2025/12/0008,Misc JV,,Purchases,-250.000,Posted
2025-12-08,BILL/2025/12/0007,Misc JV,,Purchases,-307.000,Posted
2025-12-08,BILL/2025/12/0006,Misc JV,,Purchases,-200.000,Posted
2025-12-08,BILL/2025/12/0005,Misc JV,,Purchases,-120.000,Posted
2025-12-04,PBNK1/2025/00029,Intercompany Transfers,BILL/2025/12/0038,Bank-8002,800.000,Posted
2025-12-04,BILL/2025/12/0038,Intercompany Transfers,,Purchases,-800.000,Posted
2025-12-03,PBNK1/2025/00028,Intercompany Transfers,BILL/2025/12/0037,Bank-8002,500.000,Posted
2025-12-03,BILL/2025/12/0060,Ali Bahaa,Ali Bahaa,Purchases,-300.000,Posted
2025-12-03,BILL/2025/12/0037,Intercompany Transfers,,Purchases,-500.000,Posted
2025-12-02,PBNK3/2025/00013,Intercompany Transfers,BILL/2025/12/0050,Bank-8003,"6,180.000",Posted
2025-12-02,PBNK1/2025/00041,Intercompany Transfers,BILL/2025/12/0033,Bank-8002,"6,513.000",Posted
2025-12-02,PBNK1/2025/00027,Intercompany Transfers,BILL/2025/12/0036,Bank-8002,"1,980.000",Posted
2025-12-02,PBNK1/2025/00026,Intercompany Transfers,BILL/2025/12/0035,Bank-8002,"2,363.000",Posted
2025-12-02,PBNK1/2025/00025,Intercompany Transfers,BILL/2025/12/0034,Bank-8002,"1,100.000",Posted
2025-12-02,PBNK1/2025/00024,Intercompany Transfers,BILL/2025/12/0033,Bank-8002,0.000,Posted
2025-12-02,PBNK1/2025/00008,Rental JV,BILL/2025/12/0004,Bank-8001,"5,300.000",Posted
2025-12-02,PBNK1/2025/00007,Misc JV,BILL/2025/12/0003,Bank-8001,400.000,Posted
2025-12-02,PBNK1/2025/00006,Misc JV,BILL/2025/12/0002,Bank-8001,800.000,Posted
2025-12-02,PBNK1/2025/00005,Misc JV,BILL/2025/12/0001,Bank-8001,800.000,Posted
2025-12-02,BILL/2025/12/0050,Intercompany Transfers,,Purchases,"-6,180.000",Posted
2025-12-02,BILL/2025/12/0036,Intercompany Transfers,,Purchases,"-1,980.000",Posted
2025-12-02,BILL/2025/12/0035,Intercompany Transfers,,Purchases,"-2,363.000",Posted
2025-12-02,BILL/2025/12/0034,Intercompany Transfers,,Purchases,"-1,100.000",Posted
2025-12-02,BILL/2025/12/0004,Rental JV,,Purchases,"-5,300.000",Posted
2025-12-02,BILL/2025/12/0003,Misc JV,,Purchases,-400.000,Posted
2025-12-02,BILL/2025/12/0002,Misc JV,,Purchases,-800.000,Posted
2025-12-02,BILL/2025/12/0001,Misc JV,,Purchases,-800.000,Posted
2025-12-01,PCSH3/2025/00004,Staff Expenses JV,1125,Cash-Fahad,"6,558.100",Posted
2025-12-01,PBNK3/2025/00014,Bank Fees,BILL/2025/12/0049,Bank-8003,20.000,Posted
2025-12-01,PBNK3/2025/00012,Sales JV,INV/2025/00010,Bank-8003,"6,331.075",Posted
2025-12-01,PBNK1/2025/00042,Bank Fees,BILL/2025/12/0032,Bank-8002,20.000,Posted
2025-12-01,PBNK1/2025/00023,Intercompany Transfers,BILL/2025/12/0033,Bank-8002,0.000,Posted
2025-12-01,PBNK1/2025/00022,Bank Fees,BILL/2025/12/0032,Bank-8002,0.000,Posted
2025-12-01,PBNK1/2025/00013,Sales JV,INV/2025/00005,Bank-8002,"29,433.059",Posted
2025-12-01,INV/2025/00010,Sales JV,,Sales,"6,331.075",Posted
2025-12-01,INV/2025/00005,Sales JV,,Sales,"29,433.059",Posted
2025-12-01,BILL/2025/12/0049,Bank Fees,,Purchases,-20.000,Posted
2025-12-01,BILL/2025/12/0033,Intercompany Transfers,,Purchases,"-6,513.000",Posted
2025-12-01,BILL/2025/12/0032,Bank Fees,,Purchases,-20.000,Posted
2025-11-30,PBNK1/2025/00020,Intercompany Transfers,BILL/2025/11/0004,Bank-8002,"20,319.850",Posted
2025-11-30,PBNK1/2025/00016,Bank Fees,BILL/2025/11/0005,Bank-8002,54.750,Posted
2025-11-30,MISC/2025/11/0002,,Fund transferred to petty cash,Miscellaneous Operations,114.990,Posted
2025-11-30,MISC/2025/11/0001,,leave and Indemnity for the month,Miscellaneous Operations,999.743,Posted
2025-11-30,BILL/2025/11/0011,Staff Expenses JV,1125,Purchases,"-6,558.100",Posted
2025-11-30,BILL/2025/11/0005,Bank Fees,,Purchases,-54.750,Posted
2025-11-20,PCSH2/2025/00006,Ali Bahaa,Ali Bahaa,Cash-Ali,81.500,Posted
2025-11-12,MISC2/2025/11/0001,,Intercompany Tranfers,Interncompany Transfers,"1,000.000",Posted
2025-11-11,BILL/2025/11/0014,Ali Bahaa,Ali Bahaa,Purchases,-81.500,Posted
2025-11-10,PCSH2/2025/00005,Ali Bahaa,Ali Bahaa,Cash-Ali,91.500,Posted
2025-11-10,PBNK3/2025/00007,Intercompany Transfers,BILL/2025/11/0007,Bank-8003,"2,747.000",Posted
2025-11-08,PCSH2/2025/00004,Ali Bahaa,Ali Bahaa,Cash-Ali,54.985,Posted
2025-11-05,BILL/2025/11/0013,Ali Bahaa,Ali Bahaa,Purchases,-54.985,Posted
2025-11-04,BILL/2025/11/0007,Intercompany Transfers,,Purchases,"-2,747.000",Posted
2025-11-03,PBNK1/2025/00057,Intercompany Transfers,BILL/2025/11/0002,Bank-8001,0.000,Posted
2025-11-03,PBNK1/2025/00019,Intercompany Transfers,BILL/2025/11/0002,Bank-8002,"5,280.000",Posted
2025-11-03,PBNK1/2025/00018,Intercompany Transfers,BILL/2025/11/0003,Bank-8002,885.000,Posted
2025-11-03,BILL/2025/11/0012,Ali Bahaa,Ali Bahaa,Purchases,-91.500,Posted
2025-11-03,BILL/2025/11/0004,Intercompany Transfers,,Purchases,"-20,319.850",Posted
2025-11-03,BILL/2025/11/0003,Intercompany Transfers,,Purchases,-885.000,Posted
2025-11-03,BILL/2025/11/0002,Intercompany Transfers,,Purchases,"-5,280.000",Posted
2025-11-02,PBNK3/2025/00006,Bank Fees,BILL/2025/11/0006,Bank-8003,20.000,Posted
2025-11-02,PBNK1/2025/00056,Bank Fees,BILL/2025/11/0006,Bank-8001,0.000,Posted
2025-11-02,PBNK1/2025/00055,Bank Fees,BILL/2025/11/0001,Bank-8001,0.000,Posted
2025-11-02,PBNK1/2025/00017,Bank Fees,BILL/2025/11/0001,Bank-8002,20.000,Posted
2025-11-02,BILL/2025/11/0006,Bank Fees,,Purchases,-20.000,Posted
2025-11-02,BILL/2025/11/0001,Bank Fees,,Purchases,-20.000,Posted
2025-11-01,PCSH3/2025/00007,Staff Expenses JV,1025,Cash-Fahad,"5,604.000",Posted
2025-11-01,PBNK3/2025/00011,Sales JV,INV/2025/00009,Bank-8003,"5,431.015",Posted
2025-11-01,PBNK1/2025/00058,Intercompany Transfers,BILL/2025/10/0007,Bank-8001,0.000,Posted
2025-11-01,PBNK1/2025/00015,Intercompany Transfers,BILL/2025/10/0007,Bank-8002,430.000,Posted
2025-11-01,PBNK1/2025/00012,Sales JV,INV/2026/00002,Bank-8002,"25,740.460",Posted
2025-11-01,INV/2025/00009,Sales JV,,Sales,"5,431.015",Posted
2025-11-01,INV/2025/00004,Sales JV,,Sales,"25,740.460",Posted
2025-10-31,PBNK1/2025/00054,Bank Fees,BILL/2025/10/0008,Bank-8001,0.000,Posted
2025-10-31,PBNK1/2025/00044,Bank Fees,BILL/2025/10/0008,Bank-8002,37.750,Posted
2025-10-31,PBNK1/2025/00014,Intercompany Transfers,BILL/2025/10/0007,Bank-8002,"15,823.000",Posted
2025-10-31,MISC/2025/10/0001,,leave and Indemnity for the month,Miscellaneous Operations,999.743,Posted
2025-10-31,BILL/2025/10/0014,Staff Expenses JV,1025,Purchases,"-5,604.000",Posted
2025-10-31,BILL/2025/10/0008,Bank Fees,,Purchases,-37.750,Posted
2025-10-26,PCSH2/2025/00002,Ali Bahaa,Ali Bahaa,Cash-Ali,246.970,Posted
2025-10-23,PCSH2/2025/00003,Ali Bahaa,Ali Bahaa,Cash-Ali,455.000,Posted
2025-10-23,PBNK1/2025/00053,Ali Bahaa,BILL/2025/10/0013,Bank-8001,0.000,Posted
2025-10-23,BILL/2025/10/0018,Ali Bahaa,Ali Bahaa,Purchases,-246.970,Posted
2025-10-22,PCSH2/2025/00001,Ali Bahaa,Ali Bahaa,Cash-Ali,10.000,Posted
2025-10-22,PBNK1/2025/00052,Ali Bahaa,BILL/2025/10/0012,Bank-8001,0.000,Posted
2025-10-22,BILL/2025/10/0017,Ali Bahaa,Ali Bahaa,Purchases,-10.000,Posted
2025-10-11,PBNK1/2025/00051,Ali Bahaa,BILL/2025/10/0011,Bank-8001,0.000,Posted
2025-10-11,BILL/2025/10/0016,Ali Bahaa,Ali Bahaa,Purchases,-455.000,Posted
2025-10-05,PBNK3/2025/00005,Intercompany Transfers,BILL/2025/10/0010,Bank-8003,"1,720.000",Posted
2025-10-05,PBNK1/2025/00059,Intercompany Transfers,BILL/2025/10/0015,Bank-8001,850.000,Posted
2025-10-05,PBNK1/2025/00050,Intercompany Transfers,BILL/2025/10/0010,Bank-8001,0.000,Posted
2025-10-05,BILL/2025/10/0015,Intercompany Transfers,,Purchases,-850.000,Posted
2025-10-05,BILL/2025/10/0010,Intercompany Transfers,,Purchases,"-1,720.000",Posted
2025-10-03,PBNK1/2025/00049,Intercompany Transfers,BILL/2025/10/0007,Bank-8001,0.000,Posted
2025-10-03,PBNK1/2025/00048,Intercompany Transfers,BILL/2025/10/0006,Bank-8001,0.000,Posted
2025-10-03,PBNK1/2025/00008,Intercompany Transfers,BILL/2025/10/0006,Bank-8002,"2,500.000",Posted
2025-10-03,PBNK1/2025/00007,Intercompany Transfers,BILL/2025/10/0006,Bank-8002,0.000,Posted
2025-10-03,PBNK1/2025/00004,Misc JV,BILL/2025/10/0001,Bank-8001,500.000,Posted
2025-10-03,PBNK1/2025/00003,Misc JV,BILL/2025/10/0002,Bank-8001,800.000,Posted
2025-10-03,PBNK1/2025/00002,Misc JV,BILL/2025/10/0003,Bank-8001,700.000,Posted
2025-10-03,BILL/2025/10/0007,Intercompany Transfers,,Purchases,"-16,253.000",Posted
2025-10-03,BILL/2025/10/0006,Intercompany Transfers,,Purchases,"-2,500.000",Posted
2025-10-03,BILL/2025/10/0003,Misc JV,,Purchases,-700.000,Posted
2025-10-03,BILL/2025/10/0002,Misc JV,,Purchases,-800.000,Posted
2025-10-03,BILL/2025/10/0001,Misc JV,,Purchases,-500.000,Posted
2025-10-02,PBNK1/2025/00021,Intercompany Transfers,BILL/2025/10/0005,Bank-8002,215.000,Posted
2025-10-01,PCSH3/2025/00006,Staff Expenses JV,0925,Cash-Fahad,"4,247.000",Posted
2025-10-01,PBNK3/2025/00010,Sales JV,INV/2025/00008,Bank-8003,"3,527.920",Posted
2025-10-01,PBNK3/2025/00004,Bank Fees,BILL/2025/10/0009,Bank-8003,20.000,Posted
2025-10-01,PBNK1/2025/00047,Bank Fees,BILL/2025/10/0009,Bank-8001,0.000,Posted
2025-10-01,PBNK1/2025/00046,Intercompany Transfers,BILL/2025/10/0005,Bank-8001,0.000,Posted
2025-10-01,PBNK1/2025/00045,Bank Fees,BILL/2025/10/0004,Bank-8001,0.000,Posted
2025-10-01,PBNK1/2025/00011,Sales JV,INV/2026/00002,Bank-8002,"22,117.938",Posted
2025-10-01,PBNK1/2025/00006,Bank Fees,BILL/2025/10/0004,Bank-8002,20.000,Posted
2025-10-01,INV/2025/00008,Sales JV,,Sales,"3,527.920",Posted
2025-10-01,INV/2025/00003,Sales JV,,Sales,"22,117.938",Posted
2025-10-01,BILL/2025/10/0009,Bank Fees,,Purchases,-20.000,Posted
2025-10-01,BILL/2025/10/0005,Intercompany Transfers,,Purchases,-215.000,Posted
2025-10-01,BILL/2025/10/0004,Bank Fees,,Purchases,-20.000,Posted
2025-09-30,PBNK1/2025/00044,Bank Fees,BILL/2025/09/0006,Bank-8001,0.000,Posted
2025-09-30,PBNK1/2025/00043,Bank Fees,BILL/2025/09/0006,Bank-8002,13.250,Posted
2025-09-30,PBNK1/2025/00005,Intercompany Transfers,BILL/2025/09/0005,Bank-8002,"6,315.000",Posted
2025-09-30,MISC/2025/09/0001,,leave and Indemnity for the month,Miscellaneous Operations,999.743,Posted
2025-09-30,BILL/2025/09/0009,Staff Expenses JV,0925,Purchases,"-4,247.000",Posted
2025-09-30,BILL/2025/09/0006,Bank Fees,,Purchases,-13.250,Posted
2025-09-08,PBNK3/2025/00003,Intercompany Transfers,BILL/2025/09/0008,Bank-8003,460.000,Posted
2025-09-08,PBNK1/2025/00043,Intercompany Transfers,BILL/2025/09/0005,Bank-8001,0.000,Posted
2025-09-08,BILL/2025/09/0005,Intercompany Transfers,,Purchases,"-6,315.000",Posted
2025-09-07,PBNK1/2025/00004,Bank Fees,BILL/2025/09/0004,Bank-8002,27.055,Posted
2025-09-04,PBNK1/2025/00042,Intercompany Transfers,BILL/2025/09/0008,Bank-8001,0.000,Posted
2025-09-04,PBNK1/2025/00041,Bank Fees,BILL/2025/09/0004,Bank-8001,0.000,Posted
2025-09-04,PBNK1/2025/00040,Intercompany Transfers,BILL/2025/09/0003,Bank-8001,0.000,Posted
2025-09-04,PBNK1/2025/00003,Intercompany Transfers,BILL/2025/09/0003,Bank-8002,"3,800.000",Posted
2025-09-04,PBNK1/2025/00001,Intercompany Transfers,BILL/2025/09/0001,Bank-8001,500.000,Posted
2025-09-04,BILL/2025/09/0008,Intercompany Transfers,,Purchases,-460.000,Posted
2025-09-04,BILL/2025/09/0004,Bank Fees,,Purchases,-27.055,Posted
2025-09-04,BILL/2025/09/0003,Intercompany Transfers,,Purchases,"-3,800.000",Posted
2025-09-04,BILL/2025/09/0001,Intercompany Transfers,,Purchases,-500.000,Posted
2025-09-01,PCSH3/2025/00005,Staff Expenses JV,0825,Cash-Fahad,"1,805.000",Posted
2025-09-01,PBNK3/2025/00009,Sales JV,INV/2025/00007,Bank-8003,"1,701.580",Posted
2025-09-01,PBNK3/2025/00002,Bank Fees,BILL/2025/09/0007,Bank-8003,20.000,Posted
2025-09-01,PBNK1/2025/00039,Bank Fees,BILL/2025/09/0007,Bank-8001,0.000,Posted
2025-09-01,PBNK1/2025/00038,Bank Fees,BILL/2025/09/0002,Bank-8001,0.000,Posted
2025-09-01,PBNK1/2025/00010,Sales JV,INV/2025/00002,Bank-8002,"12,477.434",Posted
2025-09-01,PBNK1/2025/00002,Bank Fees,BILL/2025/09/0002,Bank-8002,20.000,Posted
2025-09-01,INV/2025/00007,Sales JV,,Sales,"1,701.580",Posted
2025-09-01,INV/2025/00002,Sales JV,,Sales,"12,477.434",Posted
2025-09-01,BILL/2025/09/0007,Bank Fees,,Purchases,-20.000,Posted
2025-09-01,BILL/2025/09/0002,Bank Fees,,Purchases,-20.000,Posted
2025-08-31,MISC/2025/08/0002,,Fund transferred to petty cash,Miscellaneous Operations,701.970,Posted
2025-08-31,MISC/2025/08/0001,,leave and Indemnity for the month,Miscellaneous Operations,999.743,Posted
2025-08-31,BILL/2025/08/0003,Staff Expenses JV,0825,Purchases,"-1,805.000",Posted
2025-08-07,MISC2/2025/08/0001,,Fahad - Fund Deposited In BBYN-8001,Interncompany Transfers,"1,000.000",Posted
2025-08-03,PBNK3/2025/00001,Bank Fees,BILL/2025/08/0001,Bank-8003,50.000,Posted
2025-08-03,PBNK1/2025/00045,Bank Fees,BILL/2025/08/0002,Bank-8002,50.000,Posted
2025-08-03,PBNK1/2025/00037,Bank Fees,BILL/2025/08/0001,Bank-8001,0.000,Posted
2025-08-03,PBNK1/2025/00036,Bank Fees,BILL/2025/08/0002,Bank-8001,0.000,Posted
2025-08-03,PBNK1/2025/00001,Bank Fees,BILL/2025/08/0002,Bank-8002,0.000,Posted
2025-08-03,BILL/2025/08/0002,Bank Fees,,Purchases,-50.000,Posted
2025-08-03,BILL/2025/08/0001,Bank Fees,,Purchases,-50.000,Posted
2025-08-01,PBNK3/2025/00008,Sales JV,INV/2026/00002,Bank-8003,401.770,Posted
2025-08-01,PBNK1/2025/00009,Sales JV,INV/2025/00001,Bank-8002,"2,601.845",Posted
2025-08-01,INV/2025/00006,Sales JV,,Sales,401.770,Posted
2025-08-01,INV/2025/00001,Sales JV,,Sales,"2,601.845",Posted
2025-07-31,BILL/2025/07/0003,SPA AND MORE FOR GENERAL TRADING COMPANY WLL,2025006337,Purchases,"-18,050.000",Posted
2025-07-31,BILL/2025/07/0002,SPA AND MORE FOR GENERAL TRADING COMPANY WLL,2025006336,Purchases,"-3,800.000",Posted
2025-07-31,BILL/2025/07/0001,SPA AND MORE FOR GENERAL TRADING COMPANY WLL,2025006335,Purchases,"-6,650.000",Posted