Date,Number,Journal,Customer/Vendor,Amount Company Currency Signed,State
2026-07-31,PBNK3/2026/00030,Bank-8003,Sales JV,"19,404.350",Paid
2026-07-31,PBNK1/2026/00097,Bank-8002,Sales JV,"3,836.146",Paid
2026-07-03,PBNK4/2026/00012,Bank-8004,Sales JV,0.009,Paid
2026-07-01,PBNK1/2026/00022,Bank-8002,Sales JV,"38,161.269",Paid
2026-06-30,PBNK3/2026/00025,Bank-8003,Sales JV,"17,218.908",Paid
2026-06-30,PBNK1/2026/00001,Bank-8002,Sales JV,"19,163.198",Draft
2026-06-03,PBNK4/2026/00011,Bank-8004,Sales JV,0.221,Paid
2026-06-03,PBNK3/2026/00004,Bank-8003,Sales JV,"4,159.257",Canceled
2026-06-02,PBNK1/2026/00005,Bank-8002,Sales JV,"17,017.000",Draft
2026-06-01,PBNK3/2026/00003,Bank-8003,Sales JV,"11,959.034",Canceled
2026-06-01,PBNK1/2026/00021,Bank-8002,Sales JV,"44,860.020",Paid
2026-06-01,PBNK1/2026/00004,Bank-8002,Sales JV,47.695,Draft
2026-06-01,PBNK1/2026/00003,Bank-8002,Sales JV,"2,744.834",Draft
2026-06-01,PBNK1/2026/00002,Bank-8002,Sales JV,"4,267.751",Draft
2026-05-31,PBNK3/2026/00021,Bank-8003,Sales JV,"13,539.370",Paid
2026-05-06,PBNK4/2026/00013,Bank-8004,Sales JV,1.437,Paid
2026-05-06,PBNK1/2026/00271,Bank-8001,Sales JV,0.000,Reconciled
2026-05-01,PBNK1/2026/00020,Bank-8002,Sales JV,"44,515.432",Paid
2026-04-30,PBNK3/2026/00016,Bank-8003,Sales JV,"11,718.846",Paid
2026-04-30,PBNK1/2026/00076,Bank-8002,Sales JV,0.000,Paid
2026-04-05,PBNK4/2026/00010,Bank-8004,Sales JV,0.483,Paid
2026-04-01,PBNK1/2026/00019,Bank-8002,Sales JV,"37,950.289",Paid
2026-03-31,PBNK3/2026/00013,Bank-8003,Sales JV,"8,114.360",Paid
2026-03-01,PBNK1/2026/00018,Bank-8002,Sales JV,"26,933.785",Paid
2026-02-28,PBNK3/2026/00009,Bank-8003,Sales JV,"6,387.730",Paid
2026-02-01,PBNK1/2026/00017,Bank-8002,Sales JV,"25,470.831",Paid
2026-01-31,PBNK3/2026/00006,Bank-8003,Sales JV,"8,249.710",Paid
2026-01-01,PBNK1/2026/00016,Bank-8002,Sales JV,"31,090.682",Paid
2025-12-01,PBNK3/2025/00012,Bank-8003,Sales JV,"6,331.075",Paid
2025-12-01,PBNK1/2025/00013,Bank-8002,Sales JV,"29,433.059",Paid
2025-11-01,PBNK3/2025/00011,Bank-8003,Sales JV,"5,431.015",Paid
2025-11-01,PBNK1/2025/00012,Bank-8002,Sales JV,"25,740.460",Paid
2025-10-01,PBNK3/2025/00010,Bank-8003,Sales JV,"3,527.920",Paid
2025-10-01,PBNK1/2025/00011,Bank-8002,Sales JV,"22,117.938",Paid
2025-09-01,PBNK3/2025/00009,Bank-8003,Sales JV,"1,701.580",Paid
2025-09-01,PBNK1/2025/00010,Bank-8002,Sales JV,"12,477.434",Paid
2025-08-01,PBNK3/2025/00008,Bank-8003,Sales JV,401.770,Paid
2025-08-01,PBNK1/2025/00009,Bank-8002,Sales JV,"2,601.845",Paid